{
    "$schema": "https://schema.management.azure.com/schemas/2015-01-01/deploymentParameters.json#",
    "contentVersion": "1.0.0.0",
    "parameters": {
        "vulnerabilityAssessments_Default_storageContainerPath": {
            "value": null
        },
        "namespaces_eventsnb8g9yi_name": {
            "value": null
        },
        "workspaces_synapsenb8g9yi_name": {
            "value": null
        },
        "storageAccounts_datalakenb8g9yi_name": {
            "value": null
        },
        "streamingjobs_ingest_orders_name": {
            "value": null
        },
        "streamingjobs_aggregate_orders_name": {
            "value": null
        }
    }
}