{
    "$schema": "https://schema.management.azure.com/schemas/2019-04-01/deploymentTemplate.json#",
    "contentVersion": "1.0.0.0",
    "parameters": {
        "vulnerabilityAssessments_Default_storageContainerPath": {
            "type": "SecureString"
        },
        "namespaces_eventsnb8g9yi_name": {
            "defaultValue": "eventsnb8g9yi",
            "type": "String"
        },
        "workspaces_synapsenb8g9yi_name": {
            "defaultValue": "synapsenb8g9yi",
            "type": "String"
        },
        "storageAccounts_datalakenb8g9yi_name": {
            "defaultValue": "datalakenb8g9yi",
            "type": "String"
        },
        "streamingjobs_ingest_orders_name": {
            "defaultValue": "ingest-orders",
            "type": "String"
        },
        "streamingjobs_aggregate_orders_name": {
            "defaultValue": "aggregate-orders",
            "type": "String"
        }
    },
    "variables": {},
    "resources": [
        {
            "type": "Microsoft.EventHub/namespaces",
            "apiVersion": "2022-10-01-preview",
            "name": "[parameters('namespaces_eventsnb8g9yi_name')]",
            "location": "UK South",
            "sku": {
                "name": "Standard",
                "tier": "Standard",
                "capacity": 1
            },
            "properties": {
                "minimumTlsVersion": "1.2",
                "publicNetworkAccess": "Enabled",
                "disableLocalAuth": false,
                "zoneRedundant": false,
                "isAutoInflateEnabled": false,
                "maximumThroughputUnits": 0,
                "kafkaEnabled": true
            }
        },
        {
            "type": "Microsoft.Storage/storageAccounts",
            "apiVersion": "2022-09-01",
            "name": "[parameters('storageAccounts_datalakenb8g9yi_name')]",
            "location": "uksouth",
            "sku": {
                "name": "Standard_LRS",
                "tier": "Standard"
            },
            "kind": "StorageV2",
            "properties": {
                "minimumTlsVersion": "TLS1_0",
                "allowBlobPublicAccess": true,
                "largeFileSharesState": "Disabled",
                "isHnsEnabled": true,
                "networkAcls": {
                    "bypass": "AzureServices",
                    "virtualNetworkRules": [],
                    "ipRules": [],
                    "defaultAction": "Allow"
                },
                "supportsHttpsTrafficOnly": true,
                "encryption": {
                    "services": {
                        "file": {
                            "keyType": "Account",
                            "enabled": true
                        },
                        "blob": {
                            "keyType": "Account",
                            "enabled": true
                        }
                    },
                    "keySource": "Microsoft.Storage"
                },
                "accessTier": "Hot"
            }
        },
        {
            "type": "Microsoft.StreamAnalytics/streamingjobs",
            "apiVersion": "2021-10-01-preview",
            "name": "[parameters('streamingjobs_aggregate_orders_name')]",
            "location": "East US",
            "sku": {
                "name": "Standard"
            },
            "identity": {
                "type": "SystemAssigned"
            },
            "properties": {
                "sku": {
                    "name": "Standard"
                },
                "outputStartMode": "JobStartTime",
                "outputStartTime": "2023-04-22T12:54:40.98Z",
                "eventsOutOfOrderPolicy": "Adjust",
                "outputErrorPolicy": "Stop",
                "eventsOutOfOrderMaxDelayInSeconds": 0,
                "eventsLateArrivalMaxDelayInSeconds": 5,
                "dataLocale": "en-US",
                "compatibilityLevel": "1.2",
                "jobStorageAccount": {
                    "authenticationMode": "ConnectionString",
                    "accountName": "datalakenb8g9yi"
                },
                "contentStoragePolicy": "JobStorageAccount",
                "jobType": "Cloud"
            }
        },
        {
            "type": "Microsoft.StreamAnalytics/streamingjobs",
            "apiVersion": "2021-10-01-preview",
            "name": "[parameters('streamingjobs_ingest_orders_name')]",
            "location": "East US",
            "sku": {
                "name": "Standard"
            },
            "identity": {
                "type": "SystemAssigned"
            },
            "properties": {
                "sku": {
                    "name": "Standard"
                },
                "outputStartMode": "JobStartTime",
                "outputStartTime": "2023-04-22T12:35:57.3Z",
                "eventsOutOfOrderPolicy": "Adjust",
                "outputErrorPolicy": "Stop",
                "eventsOutOfOrderMaxDelayInSeconds": 0,
                "eventsLateArrivalMaxDelayInSeconds": 5,
                "dataLocale": "en-US",
                "compatibilityLevel": "1.2",
                "jobStorageAccount": {
                    "authenticationMode": "ConnectionString",
                    "accountName": "datalakenb8g9yi"
                },
                "contentStoragePolicy": "JobStorageAccount",
                "jobType": "Cloud"
            }
        },
        {
            "type": "Microsoft.Synapse/workspaces",
            "apiVersion": "2021-06-01",
            "name": "[parameters('workspaces_synapsenb8g9yi_name')]",
            "location": "uksouth",
            "identity": {
                "type": "SystemAssigned"
            },
            "properties": {
                "defaultDataLakeStorage": {
                    "createManagedPrivateEndpoint": false,
                    "accountUrl": "https://datalakenb8g9yi.dfs.core.windows.net",
                    "filesystem": "files"
                },
                "encryption": {},
                "managedResourceGroupName": "synapseworkspace-managedrg-5b8cf0b0-7c7c-422d-9bf6-d27aeaac8366",
                "sqlAdministratorLogin": "SQLUser",
                "privateEndpointConnections": [],
                "publicNetworkAccess": "Enabled",
                "cspWorkspaceAdminProperties": {
                    "initialWorkspaceAdminObjectId": "2c551085-ffe1-41b8-acc8-c0451ef2b1cb"
                },
                "trustedServiceBypassEnabled": false
            }
        },
        {
            "type": "Microsoft.EventHub/namespaces/authorizationrules",
            "apiVersion": "2022-10-01-preview",
            "name": "[concat(parameters('namespaces_eventsnb8g9yi_name'), '/RootManageSharedAccessKey')]",
            "location": "uksouth",
            "dependsOn": [
                "[resourceId('Microsoft.EventHub/namespaces', parameters('namespaces_eventsnb8g9yi_name'))]"
            ],
            "properties": {
                "rights": [
                    "Listen",
                    "Manage",
                    "Send"
                ]
            }
        },
        {
            "type": "Microsoft.EventHub/namespaces/eventhubs",
            "apiVersion": "2022-10-01-preview",
            "name": "[concat(parameters('namespaces_eventsnb8g9yi_name'), '/eventhubnb8g9yi')]",
            "location": "uksouth",
            "dependsOn": [
                "[resourceId('Microsoft.EventHub/namespaces', parameters('namespaces_eventsnb8g9yi_name'))]"
            ],
            "properties": {
                "retentionDescription": {
                    "cleanupPolicy": "Delete",
                    "retentionTimeInHours": 24
                },
                "messageRetentionInDays": 1,
                "partitionCount": 2,
                "status": "Active"
            }
        },
        {
            "type": "Microsoft.EventHub/namespaces/networkRuleSets",
            "apiVersion": "2022-10-01-preview",
            "name": "[concat(parameters('namespaces_eventsnb8g9yi_name'), '/default')]",
            "location": "UK South",
            "dependsOn": [
                "[resourceId('Microsoft.EventHub/namespaces', parameters('namespaces_eventsnb8g9yi_name'))]"
            ],
            "properties": {
                "publicNetworkAccess": "Enabled",
                "defaultAction": "Allow",
                "virtualNetworkRules": [],
                "ipRules": []
            }
        },
        {
            "type": "Microsoft.Storage/storageAccounts/blobServices",
            "apiVersion": "2022-09-01",
            "name": "[concat(parameters('storageAccounts_datalakenb8g9yi_name'), '/default')]",
            "dependsOn": [
                "[resourceId('Microsoft.Storage/storageAccounts', parameters('storageAccounts_datalakenb8g9yi_name'))]"
            ],
            "sku": {
                "name": "Standard_LRS",
                "tier": "Standard"
            },
            "properties": {
                "cors": {
                    "corsRules": []
                },
                "deleteRetentionPolicy": {
                    "allowPermanentDelete": false,
                    "enabled": false
                }
            }
        },
        {
            "type": "Microsoft.Storage/storageAccounts/fileServices",
            "apiVersion": "2022-09-01",
            "name": "[concat(parameters('storageAccounts_datalakenb8g9yi_name'), '/default')]",
            "dependsOn": [
                "[resourceId('Microsoft.Storage/storageAccounts', parameters('storageAccounts_datalakenb8g9yi_name'))]"
            ],
            "sku": {
                "name": "Standard_LRS",
                "tier": "Standard"
            },
            "properties": {
                "protocolSettings": {
                    "smb": {}
                },
                "cors": {
                    "corsRules": []
                },
                "shareDeleteRetentionPolicy": {
                    "enabled": true,
                    "days": 7
                }
            }
        },
        {
            "type": "Microsoft.Storage/storageAccounts/queueServices",
            "apiVersion": "2022-09-01",
            "name": "[concat(parameters('storageAccounts_datalakenb8g9yi_name'), '/default')]",
            "dependsOn": [
                "[resourceId('Microsoft.Storage/storageAccounts', parameters('storageAccounts_datalakenb8g9yi_name'))]"
            ],
            "properties": {
                "cors": {
                    "corsRules": []
                }
            }
        },
        {
            "type": "Microsoft.Storage/storageAccounts/tableServices",
            "apiVersion": "2022-09-01",
            "name": "[concat(parameters('storageAccounts_datalakenb8g9yi_name'), '/default')]",
            "dependsOn": [
                "[resourceId('Microsoft.Storage/storageAccounts', parameters('storageAccounts_datalakenb8g9yi_name'))]"
            ],
            "properties": {
                "cors": {
                    "corsRules": []
                }
            }
        },
        {
            "type": "Microsoft.StreamAnalytics/streamingjobs/inputs",
            "apiVersion": "2021-10-01-preview",
            "name": "[concat(parameters('streamingjobs_aggregate_orders_name'), '/orders')]",
            "dependsOn": [
                "[resourceId('Microsoft.StreamAnalytics/streamingjobs', parameters('streamingjobs_aggregate_orders_name'))]"
            ],
            "properties": {
                "type": "Stream",
                "datasource": {
                    "type": "Microsoft.EventHub/EventHub",
                    "properties": {
                        "eventHubName": "eventhubnb8g9yi",
                        "serviceBusNamespace": "eventsnb8g9yi",
                        "authenticationMode": "Msi"
                    }
                },
                "compression": {
                    "type": "None"
                },
                "serialization": {
                    "type": "Json",
                    "properties": {
                        "encoding": "UTF8"
                    }
                }
            }
        },
        {
            "type": "Microsoft.StreamAnalytics/streamingjobs/inputs",
            "apiVersion": "2021-10-01-preview",
            "name": "[concat(parameters('streamingjobs_ingest_orders_name'), '/orders')]",
            "dependsOn": [
                "[resourceId('Microsoft.StreamAnalytics/streamingjobs', parameters('streamingjobs_ingest_orders_name'))]"
            ],
            "properties": {
                "type": "Stream",
                "datasource": {
                    "type": "Microsoft.EventHub/EventHub",
                    "properties": {
                        "eventHubName": "eventhubnb8g9yi",
                        "serviceBusNamespace": "eventsnb8g9yi",
                        "authenticationMode": "Msi"
                    }
                },
                "compression": {
                    "type": "None"
                },
                "serialization": {
                    "type": "Json",
                    "properties": {
                        "encoding": "UTF8"
                    }
                }
            }
        },
        {
            "type": "Microsoft.StreamAnalytics/streamingjobs/outputs",
            "apiVersion": "2021-10-01-preview",
            "name": "[concat(parameters('streamingjobs_aggregate_orders_name'), '/datalake')]",
            "dependsOn": [
                "[resourceId('Microsoft.StreamAnalytics/streamingjobs', parameters('streamingjobs_aggregate_orders_name'))]"
            ],
            "properties": {
                "datasource": {
                    "type": "Microsoft.Storage/Blob",
                    "properties": {
                        "blobPathPrefix": "{date}",
                        "blobWriteMode": "Append",
                        "storageAccounts": [
                            {
                                "accountName": "datalakenb8g9yi"
                            }
                        ],
                        "container": "files",
                        "pathPattern": "{date}",
                        "dateFormat": "yyyy/MM/dd",
                        "timeFormat": "HH",
                        "authenticationMode": "ConnectionString"
                    }
                },
                "timeWindow": "00:01:00",
                "sizeWindow": 20,
                "serialization": {
                    "type": "Csv",
                    "properties": {
                        "fieldDelimiter": ",",
                        "encoding": "UTF8"
                    }
                }
            }
        },
        {
            "type": "Microsoft.StreamAnalytics/streamingjobs/outputs",
            "apiVersion": "2021-10-01-preview",
            "name": "[concat(parameters('streamingjobs_ingest_orders_name'), '/factorder')]",
            "dependsOn": [
                "[resourceId('Microsoft.StreamAnalytics/streamingjobs', parameters('streamingjobs_ingest_orders_name'))]"
            ],
            "properties": {
                "datasource": {
                    "type": "Microsoft.Sql/Server/DataWarehouse",
                    "properties": {
                        "table": "FactOrder",
                        "server": "synapsenb8g9yi.sql.azuresynapse.net",
                        "database": "sqlnb8g9yi",
                        "user": "SQLUser",
                        "authenticationMode": "ConnectionString"
                    }
                }
            }
        },
        {
            "type": "Microsoft.Synapse/workspaces/auditingSettings",
            "apiVersion": "2021-06-01",
            "name": "[concat(parameters('workspaces_synapsenb8g9yi_name'), '/Default')]",
            "dependsOn": [
                "[resourceId('Microsoft.Synapse/workspaces', parameters('workspaces_synapsenb8g9yi_name'))]"
            ],
            "properties": {
                "retentionDays": 0,
                "auditActionsAndGroups": [],
                "isStorageSecondaryKeyInUse": false,
                "isAzureMonitorTargetEnabled": false,
                "state": "Disabled",
                "storageAccountSubscriptionId": "00000000-0000-0000-0000-000000000000"
            }
        },
        {
            "type": "Microsoft.Synapse/workspaces/azureADOnlyAuthentications",
            "apiVersion": "2021-06-01",
            "name": "[concat(parameters('workspaces_synapsenb8g9yi_name'), '/default')]",
            "dependsOn": [
                "[resourceId('Microsoft.Synapse/workspaces', parameters('workspaces_synapsenb8g9yi_name'))]"
            ],
            "properties": {
                "azureADOnlyAuthentication": false
            }
        },
        {
            "type": "Microsoft.Synapse/workspaces/dedicatedSQLminimalTlsSettings",
            "apiVersion": "2021-06-01",
            "name": "[concat(parameters('workspaces_synapsenb8g9yi_name'), '/default')]",
            "location": "uksouth",
            "dependsOn": [
                "[resourceId('Microsoft.Synapse/workspaces', parameters('workspaces_synapsenb8g9yi_name'))]"
            ],
            "properties": {
                "minimalTlsVersion": "1.2"
            }
        },
        {
            "type": "Microsoft.Synapse/workspaces/extendedAuditingSettings",
            "apiVersion": "2021-06-01",
            "name": "[concat(parameters('workspaces_synapsenb8g9yi_name'), '/Default')]",
            "dependsOn": [
                "[resourceId('Microsoft.Synapse/workspaces', parameters('workspaces_synapsenb8g9yi_name'))]"
            ],
            "properties": {
                "retentionDays": 0,
                "auditActionsAndGroups": [],
                "isStorageSecondaryKeyInUse": false,
                "isAzureMonitorTargetEnabled": false,
                "state": "Disabled",
                "storageAccountSubscriptionId": "00000000-0000-0000-0000-000000000000"
            }
        },
        {
            "type": "Microsoft.Synapse/workspaces/firewallRules",
            "apiVersion": "2021-06-01",
            "name": "[concat(parameters('workspaces_synapsenb8g9yi_name'), '/allowAll')]",
            "dependsOn": [
                "[resourceId('Microsoft.Synapse/workspaces', parameters('workspaces_synapsenb8g9yi_name'))]"
            ],
            "properties": {
                "startIpAddress": "0.0.0.0",
                "endIpAddress": "255.255.255.255"
            }
        },
        {
            "type": "Microsoft.Synapse/workspaces/integrationruntimes",
            "apiVersion": "2021-06-01",
            "name": "[concat(parameters('workspaces_synapsenb8g9yi_name'), '/AutoResolveIntegrationRuntime')]",
            "dependsOn": [
                "[resourceId('Microsoft.Synapse/workspaces', parameters('workspaces_synapsenb8g9yi_name'))]"
            ],
            "properties": {
                "type": "Managed",
                "typeProperties": {
                    "computeProperties": {
                        "location": "AutoResolve"
                    }
                }
            }
        },
        {
            "type": "Microsoft.Synapse/workspaces/securityAlertPolicies",
            "apiVersion": "2021-06-01",
            "name": "[concat(parameters('workspaces_synapsenb8g9yi_name'), '/Default')]",
            "dependsOn": [
                "[resourceId('Microsoft.Synapse/workspaces', parameters('workspaces_synapsenb8g9yi_name'))]"
            ],
            "properties": {
                "state": "Disabled",
                "disabledAlerts": [
                    ""
                ],
                "emailAddresses": [
                    ""
                ],
                "emailAccountAdmins": false,
                "retentionDays": 0
            }
        },
        {
            "type": "Microsoft.Synapse/workspaces/sqlPools",
            "apiVersion": "2021-06-01",
            "name": "[concat(parameters('workspaces_synapsenb8g9yi_name'), '/sqlnb8g9yi')]",
            "location": "uksouth",
            "dependsOn": [
                "[resourceId('Microsoft.Synapse/workspaces', parameters('workspaces_synapsenb8g9yi_name'))]"
            ],
            "sku": {
                "name": "DW100c",
                "capacity": 0
            },
            "properties": {
                "maxSizeBytes": 263882790666240,
                "collation": "SQL_Latin1_General_CP1_CI_AS",
                "storageAccountType": "GRS",
                "provisioningState": "Succeeded"
            }
        },
        {
            "type": "Microsoft.Synapse/workspaces/vulnerabilityAssessments",
            "apiVersion": "2021-06-01",
            "name": "[concat(parameters('workspaces_synapsenb8g9yi_name'), '/Default')]",
            "dependsOn": [
                "[resourceId('Microsoft.Synapse/workspaces', parameters('workspaces_synapsenb8g9yi_name'))]"
            ],
            "properties": {
                "recurringScans": {
                    "isEnabled": false,
                    "emailSubscriptionAdmins": true
                },
                "storageContainerPath": "[parameters('vulnerabilityAssessments_Default_storageContainerPath')]"
            }
        },
        {
            "type": "Microsoft.EventHub/namespaces/eventhubs/consumergroups",
            "apiVersion": "2022-10-01-preview",
            "name": "[concat(parameters('namespaces_eventsnb8g9yi_name'), '/eventhubnb8g9yi/$Default')]",
            "location": "uksouth",
            "dependsOn": [
                "[resourceId('Microsoft.EventHub/namespaces/eventhubs', parameters('namespaces_eventsnb8g9yi_name'), 'eventhubnb8g9yi')]",
                "[resourceId('Microsoft.EventHub/namespaces', parameters('namespaces_eventsnb8g9yi_name'))]"
            ],
            "properties": {}
        },
        {
            "type": "Microsoft.Storage/storageAccounts/blobServices/containers",
            "apiVersion": "2022-09-01",
            "name": "[concat(parameters('storageAccounts_datalakenb8g9yi_name'), '/default/4e33d822-f173-4926-b3c8-20ba2dd85da9')]",
            "dependsOn": [
                "[resourceId('Microsoft.Storage/storageAccounts/blobServices', parameters('storageAccounts_datalakenb8g9yi_name'), 'default')]",
                "[resourceId('Microsoft.Storage/storageAccounts', parameters('storageAccounts_datalakenb8g9yi_name'))]"
            ],
            "properties": {
                "immutableStorageWithVersioning": {
                    "enabled": false
                },
                "defaultEncryptionScope": "$account-encryption-key",
                "denyEncryptionScopeOverride": false,
                "publicAccess": "None"
            }
        },
        {
            "type": "Microsoft.Storage/storageAccounts/blobServices/containers",
            "apiVersion": "2022-09-01",
            "name": "[concat(parameters('storageAccounts_datalakenb8g9yi_name'), '/default/4e33d822-f173-4926-b3c8-20ba2dd85da9-asarpdata')]",
            "dependsOn": [
                "[resourceId('Microsoft.Storage/storageAccounts/blobServices', parameters('storageAccounts_datalakenb8g9yi_name'), 'default')]",
                "[resourceId('Microsoft.Storage/storageAccounts', parameters('storageAccounts_datalakenb8g9yi_name'))]"
            ],
            "properties": {
                "immutableStorageWithVersioning": {
                    "enabled": false
                },
                "defaultEncryptionScope": "$account-encryption-key",
                "denyEncryptionScopeOverride": false,
                "publicAccess": "None"
            }
        },
        {
            "type": "Microsoft.Storage/storageAccounts/blobServices/containers",
            "apiVersion": "2022-09-01",
            "name": "[concat(parameters('storageAccounts_datalakenb8g9yi_name'), '/default/c6f2b45a-a26f-45b4-8279-5b080a99ebc0')]",
            "dependsOn": [
                "[resourceId('Microsoft.Storage/storageAccounts/blobServices', parameters('storageAccounts_datalakenb8g9yi_name'), 'default')]",
                "[resourceId('Microsoft.Storage/storageAccounts', parameters('storageAccounts_datalakenb8g9yi_name'))]"
            ],
            "properties": {
                "immutableStorageWithVersioning": {
                    "enabled": false
                },
                "defaultEncryptionScope": "$account-encryption-key",
                "denyEncryptionScopeOverride": false,
                "publicAccess": "None"
            }
        },
        {
            "type": "Microsoft.Storage/storageAccounts/blobServices/containers",
            "apiVersion": "2022-09-01",
            "name": "[concat(parameters('storageAccounts_datalakenb8g9yi_name'), '/default/c6f2b45a-a26f-45b4-8279-5b080a99ebc0-asarpdata')]",
            "dependsOn": [
                "[resourceId('Microsoft.Storage/storageAccounts/blobServices', parameters('storageAccounts_datalakenb8g9yi_name'), 'default')]",
                "[resourceId('Microsoft.Storage/storageAccounts', parameters('storageAccounts_datalakenb8g9yi_name'))]"
            ],
            "properties": {
                "immutableStorageWithVersioning": {
                    "enabled": false
                },
                "defaultEncryptionScope": "$account-encryption-key",
                "denyEncryptionScopeOverride": false,
                "publicAccess": "None"
            }
        },
        {
            "type": "Microsoft.Storage/storageAccounts/blobServices/containers",
            "apiVersion": "2022-09-01",
            "name": "[concat(parameters('storageAccounts_datalakenb8g9yi_name'), '/default/files')]",
            "dependsOn": [
                "[resourceId('Microsoft.Storage/storageAccounts/blobServices', parameters('storageAccounts_datalakenb8g9yi_name'), 'default')]",
                "[resourceId('Microsoft.Storage/storageAccounts', parameters('storageAccounts_datalakenb8g9yi_name'))]"
            ],
            "properties": {
                "immutableStorageWithVersioning": {
                    "enabled": false
                },
                "defaultEncryptionScope": "$account-encryption-key",
                "denyEncryptionScopeOverride": false,
                "publicAccess": "None"
            }
        },
        {
            "type": "Microsoft.Storage/storageAccounts/blobServices/containers",
            "apiVersion": "2022-09-01",
            "name": "[concat(parameters('storageAccounts_datalakenb8g9yi_name'), '/default/sqldw-c6f2b45a-a26f-45b4-8279-5b080a99ebc0')]",
            "dependsOn": [
                "[resourceId('Microsoft.Storage/storageAccounts/blobServices', parameters('storageAccounts_datalakenb8g9yi_name'), 'default')]",
                "[resourceId('Microsoft.Storage/storageAccounts', parameters('storageAccounts_datalakenb8g9yi_name'))]"
            ],
            "properties": {
                "immutableStorageWithVersioning": {
                    "enabled": false
                },
                "defaultEncryptionScope": "$account-encryption-key",
                "denyEncryptionScopeOverride": false,
                "publicAccess": "None"
            }
        },
        {
            "type": "Microsoft.Synapse/workspaces/sqlPools/auditingSettings",
            "apiVersion": "2021-06-01",
            "name": "[concat(parameters('workspaces_synapsenb8g9yi_name'), '/sqlnb8g9yi/Default')]",
            "dependsOn": [
                "[resourceId('Microsoft.Synapse/workspaces/sqlPools', parameters('workspaces_synapsenb8g9yi_name'), 'sqlnb8g9yi')]",
                "[resourceId('Microsoft.Synapse/workspaces', parameters('workspaces_synapsenb8g9yi_name'))]"
            ],
            "properties": {
                "retentionDays": 0,
                "auditActionsAndGroups": [],
                "isStorageSecondaryKeyInUse": false,
                "isAzureMonitorTargetEnabled": false,
                "state": "Disabled",
                "storageAccountSubscriptionId": "00000000-0000-0000-0000-000000000000"
            }
        },
        {
            "type": "Microsoft.Synapse/workspaces/sqlPools/extendedAuditingSettings",
            "apiVersion": "2021-06-01",
            "name": "[concat(parameters('workspaces_synapsenb8g9yi_name'), '/sqlnb8g9yi/Default')]",
            "dependsOn": [
                "[resourceId('Microsoft.Synapse/workspaces/sqlPools', parameters('workspaces_synapsenb8g9yi_name'), 'sqlnb8g9yi')]",
                "[resourceId('Microsoft.Synapse/workspaces', parameters('workspaces_synapsenb8g9yi_name'))]"
            ],
            "properties": {
                "retentionDays": 0,
                "auditActionsAndGroups": [],
                "isStorageSecondaryKeyInUse": false,
                "isAzureMonitorTargetEnabled": false,
                "state": "Disabled",
                "storageAccountSubscriptionId": "00000000-0000-0000-0000-000000000000"
            }
        },
        {
            "type": "Microsoft.Synapse/workspaces/sqlPools/geoBackupPolicies",
            "apiVersion": "2021-06-01",
            "name": "[concat(parameters('workspaces_synapsenb8g9yi_name'), '/sqlnb8g9yi/Default')]",
            "location": "UK South",
            "dependsOn": [
                "[resourceId('Microsoft.Synapse/workspaces/sqlPools', parameters('workspaces_synapsenb8g9yi_name'), 'sqlnb8g9yi')]",
                "[resourceId('Microsoft.Synapse/workspaces', parameters('workspaces_synapsenb8g9yi_name'))]"
            ],
            "properties": {
                "state": "Enabled"
            }
        },
        {
            "type": "Microsoft.Synapse/workspaces/sqlPools/securityAlertPolicies",
            "apiVersion": "2021-06-01",
            "name": "[concat(parameters('workspaces_synapsenb8g9yi_name'), '/sqlnb8g9yi/Default')]",
            "dependsOn": [
                "[resourceId('Microsoft.Synapse/workspaces/sqlPools', parameters('workspaces_synapsenb8g9yi_name'), 'sqlnb8g9yi')]",
                "[resourceId('Microsoft.Synapse/workspaces', parameters('workspaces_synapsenb8g9yi_name'))]"
            ],
            "properties": {
                "state": "Disabled",
                "disabledAlerts": [
                    ""
                ],
                "emailAddresses": [
                    ""
                ],
                "emailAccountAdmins": false,
                "retentionDays": 0
            }
        },
        {
            "type": "Microsoft.Synapse/workspaces/sqlPools/transparentDataEncryption",
            "apiVersion": "2021-06-01",
            "name": "[concat(parameters('workspaces_synapsenb8g9yi_name'), '/sqlnb8g9yi/current')]",
            "location": "UK South",
            "dependsOn": [
                "[resourceId('Microsoft.Synapse/workspaces/sqlPools', parameters('workspaces_synapsenb8g9yi_name'), 'sqlnb8g9yi')]",
                "[resourceId('Microsoft.Synapse/workspaces', parameters('workspaces_synapsenb8g9yi_name'))]"
            ],
            "properties": {
                "status": "Disabled"
            }
        },
        {
            "type": "Microsoft.Synapse/workspaces/sqlPools/vulnerabilityAssessments",
            "apiVersion": "2021-06-01",
            "name": "[concat(parameters('workspaces_synapsenb8g9yi_name'), '/sqlnb8g9yi/Default')]",
            "dependsOn": [
                "[resourceId('Microsoft.Synapse/workspaces/sqlPools', parameters('workspaces_synapsenb8g9yi_name'), 'sqlnb8g9yi')]",
                "[resourceId('Microsoft.Synapse/workspaces', parameters('workspaces_synapsenb8g9yi_name'))]"
            ],
            "properties": {
                "recurringScans": {
                    "isEnabled": false,
                    "emailSubscriptionAdmins": true
                }
            }
        },
        {
            "type": "Microsoft.Synapse/workspaces/sqlPools/workloadGroups",
            "apiVersion": "2021-06-01",
            "name": "[concat(parameters('workspaces_synapsenb8g9yi_name'), '/sqlnb8g9yi/largerc')]",
            "dependsOn": [
                "[resourceId('Microsoft.Synapse/workspaces/sqlPools', parameters('workspaces_synapsenb8g9yi_name'), 'sqlnb8g9yi')]",
                "[resourceId('Microsoft.Synapse/workspaces', parameters('workspaces_synapsenb8g9yi_name'))]"
            ],
            "properties": {
                "minResourcePercent": 0,
                "maxResourcePercent": 100,
                "minResourcePercentPerRequest": 22,
                "maxResourcePercentPerRequest": 22,
                "importance": "normal",
                "queryExecutionTimeout": 0
            }
        },
        {
            "type": "Microsoft.Synapse/workspaces/sqlPools/workloadGroups",
            "apiVersion": "2021-06-01",
            "name": "[concat(parameters('workspaces_synapsenb8g9yi_name'), '/sqlnb8g9yi/mediumrc')]",
            "dependsOn": [
                "[resourceId('Microsoft.Synapse/workspaces/sqlPools', parameters('workspaces_synapsenb8g9yi_name'), 'sqlnb8g9yi')]",
                "[resourceId('Microsoft.Synapse/workspaces', parameters('workspaces_synapsenb8g9yi_name'))]"
            ],
            "properties": {
                "minResourcePercent": 0,
                "maxResourcePercent": 100,
                "minResourcePercentPerRequest": 10,
                "maxResourcePercentPerRequest": 10,
                "importance": "normal",
                "queryExecutionTimeout": 0
            }
        },
        {
            "type": "Microsoft.Synapse/workspaces/sqlPools/workloadGroups",
            "apiVersion": "2021-06-01",
            "name": "[concat(parameters('workspaces_synapsenb8g9yi_name'), '/sqlnb8g9yi/smallrc')]",
            "dependsOn": [
                "[resourceId('Microsoft.Synapse/workspaces/sqlPools', parameters('workspaces_synapsenb8g9yi_name'), 'sqlnb8g9yi')]",
                "[resourceId('Microsoft.Synapse/workspaces', parameters('workspaces_synapsenb8g9yi_name'))]"
            ],
            "properties": {
                "minResourcePercent": 0,
                "maxResourcePercent": 100,
                "minResourcePercentPerRequest": 3,
                "maxResourcePercentPerRequest": 3,
                "importance": "normal",
                "queryExecutionTimeout": 0
            }
        },
        {
            "type": "Microsoft.Synapse/workspaces/sqlPools/workloadGroups",
            "apiVersion": "2021-06-01",
            "name": "[concat(parameters('workspaces_synapsenb8g9yi_name'), '/sqlnb8g9yi/staticrc10')]",
            "dependsOn": [
                "[resourceId('Microsoft.Synapse/workspaces/sqlPools', parameters('workspaces_synapsenb8g9yi_name'), 'sqlnb8g9yi')]",
                "[resourceId('Microsoft.Synapse/workspaces', parameters('workspaces_synapsenb8g9yi_name'))]"
            ],
            "properties": {
                "minResourcePercent": 0,
                "maxResourcePercent": 100,
                "minResourcePercentPerRequest": 0.4,
                "maxResourcePercentPerRequest": 0.4,
                "importance": "normal",
                "queryExecutionTimeout": 0
            }
        },
        {
            "type": "Microsoft.Synapse/workspaces/sqlPools/workloadGroups",
            "apiVersion": "2021-06-01",
            "name": "[concat(parameters('workspaces_synapsenb8g9yi_name'), '/sqlnb8g9yi/staticrc20')]",
            "dependsOn": [
                "[resourceId('Microsoft.Synapse/workspaces/sqlPools', parameters('workspaces_synapsenb8g9yi_name'), 'sqlnb8g9yi')]",
                "[resourceId('Microsoft.Synapse/workspaces', parameters('workspaces_synapsenb8g9yi_name'))]"
            ],
            "properties": {
                "minResourcePercent": 0,
                "maxResourcePercent": 100,
                "minResourcePercentPerRequest": 0.8,
                "maxResourcePercentPerRequest": 0.8,
                "importance": "normal",
                "queryExecutionTimeout": 0
            }
        },
        {
            "type": "Microsoft.Synapse/workspaces/sqlPools/workloadGroups",
            "apiVersion": "2021-06-01",
            "name": "[concat(parameters('workspaces_synapsenb8g9yi_name'), '/sqlnb8g9yi/staticrc30')]",
            "dependsOn": [
                "[resourceId('Microsoft.Synapse/workspaces/sqlPools', parameters('workspaces_synapsenb8g9yi_name'), 'sqlnb8g9yi')]",
                "[resourceId('Microsoft.Synapse/workspaces', parameters('workspaces_synapsenb8g9yi_name'))]"
            ],
            "properties": {
                "minResourcePercent": 0,
                "maxResourcePercent": 100,
                "minResourcePercentPerRequest": 1.6,
                "maxResourcePercentPerRequest": 1.6,
                "importance": "normal",
                "queryExecutionTimeout": 0
            }
        },
        {
            "type": "Microsoft.Synapse/workspaces/sqlPools/workloadGroups",
            "apiVersion": "2021-06-01",
            "name": "[concat(parameters('workspaces_synapsenb8g9yi_name'), '/sqlnb8g9yi/staticrc40')]",
            "dependsOn": [
                "[resourceId('Microsoft.Synapse/workspaces/sqlPools', parameters('workspaces_synapsenb8g9yi_name'), 'sqlnb8g9yi')]",
                "[resourceId('Microsoft.Synapse/workspaces', parameters('workspaces_synapsenb8g9yi_name'))]"
            ],
            "properties": {
                "minResourcePercent": 0,
                "maxResourcePercent": 100,
                "minResourcePercentPerRequest": 3.2,
                "maxResourcePercentPerRequest": 3.2,
                "importance": "normal",
                "queryExecutionTimeout": 0
            }
        },
        {
            "type": "Microsoft.Synapse/workspaces/sqlPools/workloadGroups",
            "apiVersion": "2021-06-01",
            "name": "[concat(parameters('workspaces_synapsenb8g9yi_name'), '/sqlnb8g9yi/staticrc50')]",
            "dependsOn": [
                "[resourceId('Microsoft.Synapse/workspaces/sqlPools', parameters('workspaces_synapsenb8g9yi_name'), 'sqlnb8g9yi')]",
                "[resourceId('Microsoft.Synapse/workspaces', parameters('workspaces_synapsenb8g9yi_name'))]"
            ],
            "properties": {
                "minResourcePercent": 0,
                "maxResourcePercent": 100,
                "minResourcePercentPerRequest": 6.4,
                "maxResourcePercentPerRequest": 6.4,
                "importance": "normal",
                "queryExecutionTimeout": 0
            }
        },
        {
            "type": "Microsoft.Synapse/workspaces/sqlPools/workloadGroups",
            "apiVersion": "2021-06-01",
            "name": "[concat(parameters('workspaces_synapsenb8g9yi_name'), '/sqlnb8g9yi/staticrc60')]",
            "dependsOn": [
                "[resourceId('Microsoft.Synapse/workspaces/sqlPools', parameters('workspaces_synapsenb8g9yi_name'), 'sqlnb8g9yi')]",
                "[resourceId('Microsoft.Synapse/workspaces', parameters('workspaces_synapsenb8g9yi_name'))]"
            ],
            "properties": {
                "minResourcePercent": 0,
                "maxResourcePercent": 100,
                "minResourcePercentPerRequest": 12.8,
                "maxResourcePercentPerRequest": 12.8,
                "importance": "normal",
                "queryExecutionTimeout": 0
            }
        },
        {
            "type": "Microsoft.Synapse/workspaces/sqlPools/workloadGroups",
            "apiVersion": "2021-06-01",
            "name": "[concat(parameters('workspaces_synapsenb8g9yi_name'), '/sqlnb8g9yi/staticrc70')]",
            "dependsOn": [
                "[resourceId('Microsoft.Synapse/workspaces/sqlPools', parameters('workspaces_synapsenb8g9yi_name'), 'sqlnb8g9yi')]",
                "[resourceId('Microsoft.Synapse/workspaces', parameters('workspaces_synapsenb8g9yi_name'))]"
            ],
            "properties": {
                "minResourcePercent": 0,
                "maxResourcePercent": 100,
                "minResourcePercentPerRequest": 25.6,
                "maxResourcePercentPerRequest": 25.6,
                "importance": "normal",
                "queryExecutionTimeout": 0
            }
        },
        {
            "type": "Microsoft.Synapse/workspaces/sqlPools/workloadGroups",
            "apiVersion": "2021-06-01",
            "name": "[concat(parameters('workspaces_synapsenb8g9yi_name'), '/sqlnb8g9yi/staticrc80')]",
            "dependsOn": [
                "[resourceId('Microsoft.Synapse/workspaces/sqlPools', parameters('workspaces_synapsenb8g9yi_name'), 'sqlnb8g9yi')]",
                "[resourceId('Microsoft.Synapse/workspaces', parameters('workspaces_synapsenb8g9yi_name'))]"
            ],
            "properties": {
                "minResourcePercent": 0,
                "maxResourcePercent": 100,
                "minResourcePercentPerRequest": 51.2,
                "maxResourcePercentPerRequest": 51.2,
                "importance": "normal",
                "queryExecutionTimeout": 0
            }
        },
        {
            "type": "Microsoft.Synapse/workspaces/sqlPools/workloadGroups",
            "apiVersion": "2021-06-01",
            "name": "[concat(parameters('workspaces_synapsenb8g9yi_name'), '/sqlnb8g9yi/xlargerc')]",
            "dependsOn": [
                "[resourceId('Microsoft.Synapse/workspaces/sqlPools', parameters('workspaces_synapsenb8g9yi_name'), 'sqlnb8g9yi')]",
                "[resourceId('Microsoft.Synapse/workspaces', parameters('workspaces_synapsenb8g9yi_name'))]"
            ],
            "properties": {
                "minResourcePercent": 0,
                "maxResourcePercent": 100,
                "minResourcePercentPerRequest": 70,
                "maxResourcePercentPerRequest": 70,
                "importance": "normal",
                "queryExecutionTimeout": 0
            }
        },
        {
            "type": "Microsoft.Synapse/workspaces/sqlPools/workloadGroups/workloadClassifiers",
            "apiVersion": "2021-06-01",
            "name": "[concat(parameters('workspaces_synapsenb8g9yi_name'), '/sqlnb8g9yi/largerc/largerc')]",
            "dependsOn": [
                "[resourceId('Microsoft.Synapse/workspaces/sqlPools/workloadGroups', parameters('workspaces_synapsenb8g9yi_name'), 'sqlnb8g9yi', 'largerc')]",
                "[resourceId('Microsoft.Synapse/workspaces/sqlPools', parameters('workspaces_synapsenb8g9yi_name'), 'sqlnb8g9yi')]",
                "[resourceId('Microsoft.Synapse/workspaces', parameters('workspaces_synapsenb8g9yi_name'))]"
            ],
            "properties": {
                "memberName": "largerc",
                "importance": "normal"
            }
        },
        {
            "type": "Microsoft.Synapse/workspaces/sqlPools/workloadGroups/workloadClassifiers",
            "apiVersion": "2021-06-01",
            "name": "[concat(parameters('workspaces_synapsenb8g9yi_name'), '/sqlnb8g9yi/mediumrc/mediumrc')]",
            "dependsOn": [
                "[resourceId('Microsoft.Synapse/workspaces/sqlPools/workloadGroups', parameters('workspaces_synapsenb8g9yi_name'), 'sqlnb8g9yi', 'mediumrc')]",
                "[resourceId('Microsoft.Synapse/workspaces/sqlPools', parameters('workspaces_synapsenb8g9yi_name'), 'sqlnb8g9yi')]",
                "[resourceId('Microsoft.Synapse/workspaces', parameters('workspaces_synapsenb8g9yi_name'))]"
            ],
            "properties": {
                "memberName": "mediumrc",
                "importance": "normal"
            }
        },
        {
            "type": "Microsoft.Synapse/workspaces/sqlPools/workloadGroups/workloadClassifiers",
            "apiVersion": "2021-06-01",
            "name": "[concat(parameters('workspaces_synapsenb8g9yi_name'), '/sqlnb8g9yi/smallrc/smallrc')]",
            "dependsOn": [
                "[resourceId('Microsoft.Synapse/workspaces/sqlPools/workloadGroups', parameters('workspaces_synapsenb8g9yi_name'), 'sqlnb8g9yi', 'smallrc')]",
                "[resourceId('Microsoft.Synapse/workspaces/sqlPools', parameters('workspaces_synapsenb8g9yi_name'), 'sqlnb8g9yi')]",
                "[resourceId('Microsoft.Synapse/workspaces', parameters('workspaces_synapsenb8g9yi_name'))]"
            ],
            "properties": {
                "memberName": "smallrc",
                "importance": "normal"
            }
        },
        {
            "type": "Microsoft.Synapse/workspaces/sqlPools/workloadGroups/workloadClassifiers",
            "apiVersion": "2021-06-01",
            "name": "[concat(parameters('workspaces_synapsenb8g9yi_name'), '/sqlnb8g9yi/staticrc10/staticrc10')]",
            "dependsOn": [
                "[resourceId('Microsoft.Synapse/workspaces/sqlPools/workloadGroups', parameters('workspaces_synapsenb8g9yi_name'), 'sqlnb8g9yi', 'staticrc10')]",
                "[resourceId('Microsoft.Synapse/workspaces/sqlPools', parameters('workspaces_synapsenb8g9yi_name'), 'sqlnb8g9yi')]",
                "[resourceId('Microsoft.Synapse/workspaces', parameters('workspaces_synapsenb8g9yi_name'))]"
            ],
            "properties": {
                "memberName": "staticrc10",
                "importance": "normal"
            }
        },
        {
            "type": "Microsoft.Synapse/workspaces/sqlPools/workloadGroups/workloadClassifiers",
            "apiVersion": "2021-06-01",
            "name": "[concat(parameters('workspaces_synapsenb8g9yi_name'), '/sqlnb8g9yi/staticrc20/staticrc20')]",
            "dependsOn": [
                "[resourceId('Microsoft.Synapse/workspaces/sqlPools/workloadGroups', parameters('workspaces_synapsenb8g9yi_name'), 'sqlnb8g9yi', 'staticrc20')]",
                "[resourceId('Microsoft.Synapse/workspaces/sqlPools', parameters('workspaces_synapsenb8g9yi_name'), 'sqlnb8g9yi')]",
                "[resourceId('Microsoft.Synapse/workspaces', parameters('workspaces_synapsenb8g9yi_name'))]"
            ],
            "properties": {
                "memberName": "staticrc20",
                "importance": "normal"
            }
        },
        {
            "type": "Microsoft.Synapse/workspaces/sqlPools/workloadGroups/workloadClassifiers",
            "apiVersion": "2021-06-01",
            "name": "[concat(parameters('workspaces_synapsenb8g9yi_name'), '/sqlnb8g9yi/staticrc30/staticrc30')]",
            "dependsOn": [
                "[resourceId('Microsoft.Synapse/workspaces/sqlPools/workloadGroups', parameters('workspaces_synapsenb8g9yi_name'), 'sqlnb8g9yi', 'staticrc30')]",
                "[resourceId('Microsoft.Synapse/workspaces/sqlPools', parameters('workspaces_synapsenb8g9yi_name'), 'sqlnb8g9yi')]",
                "[resourceId('Microsoft.Synapse/workspaces', parameters('workspaces_synapsenb8g9yi_name'))]"
            ],
            "properties": {
                "memberName": "staticrc30",
                "importance": "normal"
            }
        },
        {
            "type": "Microsoft.Synapse/workspaces/sqlPools/workloadGroups/workloadClassifiers",
            "apiVersion": "2021-06-01",
            "name": "[concat(parameters('workspaces_synapsenb8g9yi_name'), '/sqlnb8g9yi/staticrc40/staticrc40')]",
            "dependsOn": [
                "[resourceId('Microsoft.Synapse/workspaces/sqlPools/workloadGroups', parameters('workspaces_synapsenb8g9yi_name'), 'sqlnb8g9yi', 'staticrc40')]",
                "[resourceId('Microsoft.Synapse/workspaces/sqlPools', parameters('workspaces_synapsenb8g9yi_name'), 'sqlnb8g9yi')]",
                "[resourceId('Microsoft.Synapse/workspaces', parameters('workspaces_synapsenb8g9yi_name'))]"
            ],
            "properties": {
                "memberName": "staticrc40",
                "importance": "normal"
            }
        },
        {
            "type": "Microsoft.Synapse/workspaces/sqlPools/workloadGroups/workloadClassifiers",
            "apiVersion": "2021-06-01",
            "name": "[concat(parameters('workspaces_synapsenb8g9yi_name'), '/sqlnb8g9yi/staticrc50/staticrc50')]",
            "dependsOn": [
                "[resourceId('Microsoft.Synapse/workspaces/sqlPools/workloadGroups', parameters('workspaces_synapsenb8g9yi_name'), 'sqlnb8g9yi', 'staticrc50')]",
                "[resourceId('Microsoft.Synapse/workspaces/sqlPools', parameters('workspaces_synapsenb8g9yi_name'), 'sqlnb8g9yi')]",
                "[resourceId('Microsoft.Synapse/workspaces', parameters('workspaces_synapsenb8g9yi_name'))]"
            ],
            "properties": {
                "memberName": "staticrc50",
                "importance": "normal"
            }
        },
        {
            "type": "Microsoft.Synapse/workspaces/sqlPools/workloadGroups/workloadClassifiers",
            "apiVersion": "2021-06-01",
            "name": "[concat(parameters('workspaces_synapsenb8g9yi_name'), '/sqlnb8g9yi/staticrc60/staticrc60')]",
            "dependsOn": [
                "[resourceId('Microsoft.Synapse/workspaces/sqlPools/workloadGroups', parameters('workspaces_synapsenb8g9yi_name'), 'sqlnb8g9yi', 'staticrc60')]",
                "[resourceId('Microsoft.Synapse/workspaces/sqlPools', parameters('workspaces_synapsenb8g9yi_name'), 'sqlnb8g9yi')]",
                "[resourceId('Microsoft.Synapse/workspaces', parameters('workspaces_synapsenb8g9yi_name'))]"
            ],
            "properties": {
                "memberName": "staticrc60",
                "importance": "normal"
            }
        },
        {
            "type": "Microsoft.Synapse/workspaces/sqlPools/workloadGroups/workloadClassifiers",
            "apiVersion": "2021-06-01",
            "name": "[concat(parameters('workspaces_synapsenb8g9yi_name'), '/sqlnb8g9yi/staticrc70/staticrc70')]",
            "dependsOn": [
                "[resourceId('Microsoft.Synapse/workspaces/sqlPools/workloadGroups', parameters('workspaces_synapsenb8g9yi_name'), 'sqlnb8g9yi', 'staticrc70')]",
                "[resourceId('Microsoft.Synapse/workspaces/sqlPools', parameters('workspaces_synapsenb8g9yi_name'), 'sqlnb8g9yi')]",
                "[resourceId('Microsoft.Synapse/workspaces', parameters('workspaces_synapsenb8g9yi_name'))]"
            ],
            "properties": {
                "memberName": "staticrc70",
                "importance": "normal"
            }
        },
        {
            "type": "Microsoft.Synapse/workspaces/sqlPools/workloadGroups/workloadClassifiers",
            "apiVersion": "2021-06-01",
            "name": "[concat(parameters('workspaces_synapsenb8g9yi_name'), '/sqlnb8g9yi/staticrc80/staticrc80')]",
            "dependsOn": [
                "[resourceId('Microsoft.Synapse/workspaces/sqlPools/workloadGroups', parameters('workspaces_synapsenb8g9yi_name'), 'sqlnb8g9yi', 'staticrc80')]",
                "[resourceId('Microsoft.Synapse/workspaces/sqlPools', parameters('workspaces_synapsenb8g9yi_name'), 'sqlnb8g9yi')]",
                "[resourceId('Microsoft.Synapse/workspaces', parameters('workspaces_synapsenb8g9yi_name'))]"
            ],
            "properties": {
                "memberName": "staticrc80",
                "importance": "normal"
            }
        },
        {
            "type": "Microsoft.Synapse/workspaces/sqlPools/workloadGroups/workloadClassifiers",
            "apiVersion": "2021-06-01",
            "name": "[concat(parameters('workspaces_synapsenb8g9yi_name'), '/sqlnb8g9yi/xlargerc/xlargerc')]",
            "dependsOn": [
                "[resourceId('Microsoft.Synapse/workspaces/sqlPools/workloadGroups', parameters('workspaces_synapsenb8g9yi_name'), 'sqlnb8g9yi', 'xlargerc')]",
                "[resourceId('Microsoft.Synapse/workspaces/sqlPools', parameters('workspaces_synapsenb8g9yi_name'), 'sqlnb8g9yi')]",
                "[resourceId('Microsoft.Synapse/workspaces', parameters('workspaces_synapsenb8g9yi_name'))]"
            ],
            "properties": {
                "memberName": "xlargerc",
                "importance": "normal"
            }
        }
    ]
}