{
    "$schema": "https://schema.management.azure.com/schemas/2015-01-01/deploymentParameters.json#",
    "contentVersion": "1.0.0.0",
    "parameters": {
        "vulnerabilityAssessments_Default_storageContainerPath": {
            "value": null
        },
        "vulnerabilityAssessments_Default_storageContainerPath_1": {
            "value": null
        },
        "servers_sqldbv49578j_name": {
            "value": null
        },
        "workspaces_synapsev49578j_name": {
            "value": null
        },
        "storageAccounts_datalakev49578j_name": {
            "value": null
        }
    }
}