{
    "$schema": "https://schema.management.azure.com/schemas/2019-04-01/deploymentTemplate.json#",
    "contentVersion": "1.0.0.0",
    "parameters": {
        "vulnerabilityAssessments_Default_storageContainerPath": {
            "type": "SecureString"
        },
        "vulnerabilityAssessments_Default_storageContainerPath_1": {
            "type": "SecureString"
        },
        "servers_sqldbv49578j_name": {
            "defaultValue": "sqldbv49578j",
            "type": "String"
        },
        "workspaces_synapsev49578j_name": {
            "defaultValue": "synapsev49578j",
            "type": "String"
        },
        "storageAccounts_datalakev49578j_name": {
            "defaultValue": "datalakev49578j",
            "type": "String"
        }
    },
    "variables": {},
    "resources": [
        {
            "type": "Microsoft.Sql/servers",
            "apiVersion": "2022-08-01-preview",
            "name": "[parameters('servers_sqldbv49578j_name')]",
            "location": "centralus",
            "tags": {
                "displayName": "SqlServer"
            },
            "kind": "v12.0",
            "identity": {
                "type": "SystemAssigned"
            },
            "properties": {
                "administratorLogin": "SQLUser",
                "version": "12.0",
                "publicNetworkAccess": "Enabled",
                "restrictOutboundNetworkAccess": "Disabled"
            }
        },
        {
            "type": "Microsoft.Storage/storageAccounts",
            "apiVersion": "2022-09-01",
            "name": "[parameters('storageAccounts_datalakev49578j_name')]",
            "location": "centralus",
            "sku": {
                "name": "Standard_LRS",
                "tier": "Standard"
            },
            "kind": "StorageV2",
            "properties": {
                "minimumTlsVersion": "TLS1_0",
                "allowBlobPublicAccess": true,
                "largeFileSharesState": "Disabled",
                "isHnsEnabled": true,
                "networkAcls": {
                    "bypass": "AzureServices",
                    "virtualNetworkRules": [],
                    "ipRules": [],
                    "defaultAction": "Allow"
                },
                "supportsHttpsTrafficOnly": true,
                "encryption": {
                    "services": {
                        "file": {
                            "keyType": "Account",
                            "enabled": true
                        },
                        "blob": {
                            "keyType": "Account",
                            "enabled": true
                        }
                    },
                    "keySource": "Microsoft.Storage"
                },
                "accessTier": "Hot"
            }
        },
        {
            "type": "Microsoft.Synapse/workspaces",
            "apiVersion": "2021-06-01",
            "name": "[parameters('workspaces_synapsev49578j_name')]",
            "location": "centralus",
            "identity": {
                "type": "SystemAssigned"
            },
            "properties": {
                "defaultDataLakeStorage": {
                    "createManagedPrivateEndpoint": false,
                    "accountUrl": "https://datalakev49578j.dfs.core.windows.net",
                    "filesystem": "files"
                },
                "encryption": {},
                "managedResourceGroupName": "synapseworkspace-managedrg-1a368ee4-142a-4949-872c-64e2a996c1b3",
                "sqlAdministratorLogin": "SQLUser",
                "privateEndpointConnections": [],
                "publicNetworkAccess": "Enabled",
                "cspWorkspaceAdminProperties": {
                    "initialWorkspaceAdminObjectId": "90276ff5-3a6a-4f2b-8b90-e6c9575029c0"
                },
                "trustedServiceBypassEnabled": false
            }
        },
        {
            "type": "Microsoft.Sql/servers/advancedThreatProtectionSettings",
            "apiVersion": "2022-08-01-preview",
            "name": "[concat(parameters('servers_sqldbv49578j_name'), '/Default')]",
            "dependsOn": [
                "[resourceId('Microsoft.Sql/servers', parameters('servers_sqldbv49578j_name'))]"
            ],
            "properties": {
                "state": "Disabled"
            }
        },
        {
            "type": "Microsoft.Sql/servers/advisors",
            "apiVersion": "2014-04-01",
            "name": "[concat(parameters('servers_sqldbv49578j_name'), '/CreateIndex')]",
            "dependsOn": [
                "[resourceId('Microsoft.Sql/servers', parameters('servers_sqldbv49578j_name'))]"
            ],
            "properties": {
                "autoExecuteValue": "Disabled"
            }
        },
        {
            "type": "Microsoft.Sql/servers/advisors",
            "apiVersion": "2014-04-01",
            "name": "[concat(parameters('servers_sqldbv49578j_name'), '/DbParameterization')]",
            "dependsOn": [
                "[resourceId('Microsoft.Sql/servers', parameters('servers_sqldbv49578j_name'))]"
            ],
            "properties": {
                "autoExecuteValue": "Disabled"
            }
        },
        {
            "type": "Microsoft.Sql/servers/advisors",
            "apiVersion": "2014-04-01",
            "name": "[concat(parameters('servers_sqldbv49578j_name'), '/DefragmentIndex')]",
            "dependsOn": [
                "[resourceId('Microsoft.Sql/servers', parameters('servers_sqldbv49578j_name'))]"
            ],
            "properties": {
                "autoExecuteValue": "Disabled"
            }
        },
        {
            "type": "Microsoft.Sql/servers/advisors",
            "apiVersion": "2014-04-01",
            "name": "[concat(parameters('servers_sqldbv49578j_name'), '/DropIndex')]",
            "dependsOn": [
                "[resourceId('Microsoft.Sql/servers', parameters('servers_sqldbv49578j_name'))]"
            ],
            "properties": {
                "autoExecuteValue": "Disabled"
            }
        },
        {
            "type": "Microsoft.Sql/servers/advisors",
            "apiVersion": "2014-04-01",
            "name": "[concat(parameters('servers_sqldbv49578j_name'), '/ForceLastGoodPlan')]",
            "dependsOn": [
                "[resourceId('Microsoft.Sql/servers', parameters('servers_sqldbv49578j_name'))]"
            ],
            "properties": {
                "autoExecuteValue": "Enabled"
            }
        },
        {
            "type": "Microsoft.Sql/servers/auditingPolicies",
            "apiVersion": "2014-04-01",
            "name": "[concat(parameters('servers_sqldbv49578j_name'), '/Default')]",
            "location": "Central US",
            "dependsOn": [
                "[resourceId('Microsoft.Sql/servers', parameters('servers_sqldbv49578j_name'))]"
            ],
            "properties": {
                "auditingState": "Disabled"
            }
        },
        {
            "type": "Microsoft.Sql/servers/auditingSettings",
            "apiVersion": "2022-08-01-preview",
            "name": "[concat(parameters('servers_sqldbv49578j_name'), '/Default')]",
            "dependsOn": [
                "[resourceId('Microsoft.Sql/servers', parameters('servers_sqldbv49578j_name'))]"
            ],
            "properties": {
                "retentionDays": 0,
                "auditActionsAndGroups": [],
                "isStorageSecondaryKeyInUse": false,
                "isAzureMonitorTargetEnabled": false,
                "isManagedIdentityInUse": false,
                "state": "Disabled",
                "storageAccountSubscriptionId": "00000000-0000-0000-0000-000000000000"
            }
        },
        {
            "type": "Microsoft.Sql/servers/connectionPolicies",
            "apiVersion": "2022-08-01-preview",
            "name": "[concat(parameters('servers_sqldbv49578j_name'), '/default')]",
            "location": "centralus",
            "dependsOn": [
                "[resourceId('Microsoft.Sql/servers', parameters('servers_sqldbv49578j_name'))]"
            ],
            "properties": {
                "connectionType": "Default"
            }
        },
        {
            "type": "Microsoft.Sql/servers/databases",
            "apiVersion": "2022-08-01-preview",
            "name": "[concat(parameters('servers_sqldbv49578j_name'), '/AdventureWorksLT')]",
            "location": "centralus",
            "dependsOn": [
                "[resourceId('Microsoft.Sql/servers', parameters('servers_sqldbv49578j_name'))]"
            ],
            "tags": {
                "displayName": "Database"
            },
            "sku": {
                "name": "GP_Gen5",
                "tier": "GeneralPurpose",
                "family": "Gen5",
                "capacity": 2
            },
            "kind": "v12.0,user,vcore",
            "properties": {
                "collation": "SQL_Latin1_General_CP1_CI_AS",
                "maxSizeBytes": 34359738368,
                "catalogCollation": "SQL_Latin1_General_CP1_CI_AS",
                "zoneRedundant": false,
                "licenseType": "LicenseIncluded",
                "readScale": "Disabled",
                "requestedBackupStorageRedundancy": "Geo",
                "maintenanceConfigurationId": "/subscriptions/a5964792-32b0-4bc0-9508-4708824f9a5a/providers/Microsoft.Maintenance/publicMaintenanceConfigurations/SQL_Default",
                "isLedgerOn": false,
                "availabilityZone": "NoPreference"
            }
        },
        {
            "type": "Microsoft.Sql/servers/databases/advancedThreatProtectionSettings",
            "apiVersion": "2022-08-01-preview",
            "name": "[concat(parameters('servers_sqldbv49578j_name'), '/master/Default')]",
            "dependsOn": [
                "[resourceId('Microsoft.Sql/servers', parameters('servers_sqldbv49578j_name'))]"
            ],
            "properties": {
                "state": "Disabled"
            }
        },
        {
            "type": "Microsoft.Sql/servers/databases/auditingPolicies",
            "apiVersion": "2014-04-01",
            "name": "[concat(parameters('servers_sqldbv49578j_name'), '/master/Default')]",
            "location": "Central US",
            "dependsOn": [
                "[resourceId('Microsoft.Sql/servers', parameters('servers_sqldbv49578j_name'))]"
            ],
            "properties": {
                "auditingState": "Disabled"
            }
        },
        {
            "type": "Microsoft.Sql/servers/databases/auditingSettings",
            "apiVersion": "2022-08-01-preview",
            "name": "[concat(parameters('servers_sqldbv49578j_name'), '/master/Default')]",
            "dependsOn": [
                "[resourceId('Microsoft.Sql/servers', parameters('servers_sqldbv49578j_name'))]"
            ],
            "properties": {
                "retentionDays": 0,
                "isAzureMonitorTargetEnabled": false,
                "state": "Disabled",
                "storageAccountSubscriptionId": "00000000-0000-0000-0000-000000000000"
            }
        },
        {
            "type": "Microsoft.Sql/servers/databases/extendedAuditingSettings",
            "apiVersion": "2022-08-01-preview",
            "name": "[concat(parameters('servers_sqldbv49578j_name'), '/master/Default')]",
            "dependsOn": [
                "[resourceId('Microsoft.Sql/servers', parameters('servers_sqldbv49578j_name'))]"
            ],
            "properties": {
                "retentionDays": 0,
                "isAzureMonitorTargetEnabled": false,
                "state": "Disabled",
                "storageAccountSubscriptionId": "00000000-0000-0000-0000-000000000000"
            }
        },
        {
            "type": "Microsoft.Sql/servers/databases/geoBackupPolicies",
            "apiVersion": "2022-08-01-preview",
            "name": "[concat(parameters('servers_sqldbv49578j_name'), '/master/Default')]",
            "dependsOn": [
                "[resourceId('Microsoft.Sql/servers', parameters('servers_sqldbv49578j_name'))]"
            ],
            "properties": {
                "state": "Disabled"
            }
        },
        {
            "type": "Microsoft.Sql/servers/databases/ledgerDigestUploads",
            "apiVersion": "2022-08-01-preview",
            "name": "[concat(parameters('servers_sqldbv49578j_name'), '/master/Current')]",
            "dependsOn": [
                "[resourceId('Microsoft.Sql/servers', parameters('servers_sqldbv49578j_name'))]"
            ],
            "properties": {}
        },
        {
            "type": "Microsoft.Sql/servers/databases/securityAlertPolicies",
            "apiVersion": "2022-08-01-preview",
            "name": "[concat(parameters('servers_sqldbv49578j_name'), '/master/Default')]",
            "dependsOn": [
                "[resourceId('Microsoft.Sql/servers', parameters('servers_sqldbv49578j_name'))]"
            ],
            "properties": {
                "state": "Disabled",
                "disabledAlerts": [
                    ""
                ],
                "emailAddresses": [
                    ""
                ],
                "emailAccountAdmins": false,
                "retentionDays": 0
            }
        },
        {
            "type": "Microsoft.Sql/servers/databases/transparentDataEncryption",
            "apiVersion": "2022-08-01-preview",
            "name": "[concat(parameters('servers_sqldbv49578j_name'), '/master/Current')]",
            "dependsOn": [
                "[resourceId('Microsoft.Sql/servers', parameters('servers_sqldbv49578j_name'))]"
            ],
            "properties": {
                "state": "Disabled"
            }
        },
        {
            "type": "Microsoft.Sql/servers/databases/vulnerabilityAssessments",
            "apiVersion": "2022-08-01-preview",
            "name": "[concat(parameters('servers_sqldbv49578j_name'), '/master/Default')]",
            "dependsOn": [
                "[resourceId('Microsoft.Sql/servers', parameters('servers_sqldbv49578j_name'))]"
            ],
            "properties": {
                "recurringScans": {
                    "isEnabled": false,
                    "emailSubscriptionAdmins": true
                }
            }
        },
        {
            "type": "Microsoft.Sql/servers/devOpsAuditingSettings",
            "apiVersion": "2022-08-01-preview",
            "name": "[concat(parameters('servers_sqldbv49578j_name'), '/Default')]",
            "dependsOn": [
                "[resourceId('Microsoft.Sql/servers', parameters('servers_sqldbv49578j_name'))]"
            ],
            "properties": {
                "isAzureMonitorTargetEnabled": false,
                "isManagedIdentityInUse": false,
                "state": "Disabled",
                "storageAccountSubscriptionId": "00000000-0000-0000-0000-000000000000"
            }
        },
        {
            "type": "Microsoft.Sql/servers/encryptionProtector",
            "apiVersion": "2022-08-01-preview",
            "name": "[concat(parameters('servers_sqldbv49578j_name'), '/current')]",
            "dependsOn": [
                "[resourceId('Microsoft.Sql/servers', parameters('servers_sqldbv49578j_name'))]"
            ],
            "kind": "servicemanaged",
            "properties": {
                "serverKeyName": "ServiceManaged",
                "serverKeyType": "ServiceManaged",
                "autoRotationEnabled": false
            }
        },
        {
            "type": "Microsoft.Sql/servers/extendedAuditingSettings",
            "apiVersion": "2022-08-01-preview",
            "name": "[concat(parameters('servers_sqldbv49578j_name'), '/Default')]",
            "dependsOn": [
                "[resourceId('Microsoft.Sql/servers', parameters('servers_sqldbv49578j_name'))]"
            ],
            "properties": {
                "retentionDays": 0,
                "auditActionsAndGroups": [],
                "isStorageSecondaryKeyInUse": false,
                "isAzureMonitorTargetEnabled": false,
                "isManagedIdentityInUse": false,
                "state": "Disabled",
                "storageAccountSubscriptionId": "00000000-0000-0000-0000-000000000000"
            }
        },
        {
            "type": "Microsoft.Sql/servers/firewallRules",
            "apiVersion": "2022-08-01-preview",
            "name": "[concat(parameters('servers_sqldbv49578j_name'), '/AllowAllClientIps')]",
            "dependsOn": [
                "[resourceId('Microsoft.Sql/servers', parameters('servers_sqldbv49578j_name'))]"
            ]
        },
        {
            "type": "Microsoft.Sql/servers/firewallRules",
            "apiVersion": "2022-08-01-preview",
            "name": "[concat(parameters('servers_sqldbv49578j_name'), '/AllowAllWindowsAzureIps')]",
            "dependsOn": [
                "[resourceId('Microsoft.Sql/servers', parameters('servers_sqldbv49578j_name'))]"
            ]
        },
        {
            "type": "Microsoft.Sql/servers/firewallRules",
            "apiVersion": "2022-08-01-preview",
            "name": "[concat(parameters('servers_sqldbv49578j_name'), '/ClientIPAddress_2023-4-18_19-14-43')]",
            "dependsOn": [
                "[resourceId('Microsoft.Sql/servers', parameters('servers_sqldbv49578j_name'))]"
            ]
        },
        {
            "type": "Microsoft.Sql/servers/keys",
            "apiVersion": "2022-08-01-preview",
            "name": "[concat(parameters('servers_sqldbv49578j_name'), '/ServiceManaged')]",
            "dependsOn": [
                "[resourceId('Microsoft.Sql/servers', parameters('servers_sqldbv49578j_name'))]"
            ],
            "kind": "servicemanaged",
            "properties": {
                "serverKeyType": "ServiceManaged"
            }
        },
        {
            "type": "Microsoft.Sql/servers/securityAlertPolicies",
            "apiVersion": "2022-08-01-preview",
            "name": "[concat(parameters('servers_sqldbv49578j_name'), '/Default')]",
            "dependsOn": [
                "[resourceId('Microsoft.Sql/servers', parameters('servers_sqldbv49578j_name'))]"
            ],
            "properties": {
                "state": "Disabled",
                "disabledAlerts": [
                    ""
                ],
                "emailAddresses": [
                    ""
                ],
                "emailAccountAdmins": false,
                "retentionDays": 0
            }
        },
        {
            "type": "Microsoft.Sql/servers/sqlVulnerabilityAssessments",
            "apiVersion": "2022-08-01-preview",
            "name": "[concat(parameters('servers_sqldbv49578j_name'), '/Default')]",
            "dependsOn": [
                "[resourceId('Microsoft.Sql/servers', parameters('servers_sqldbv49578j_name'))]"
            ],
            "properties": {
                "state": "Disabled"
            }
        },
        {
            "type": "Microsoft.Sql/servers/vulnerabilityAssessments",
            "apiVersion": "2022-08-01-preview",
            "name": "[concat(parameters('servers_sqldbv49578j_name'), '/Default')]",
            "dependsOn": [
                "[resourceId('Microsoft.Sql/servers', parameters('servers_sqldbv49578j_name'))]"
            ],
            "properties": {
                "recurringScans": {
                    "isEnabled": false,
                    "emailSubscriptionAdmins": true
                },
                "storageContainerPath": "[parameters('vulnerabilityAssessments_Default_storageContainerPath')]"
            }
        },
        {
            "type": "Microsoft.Storage/storageAccounts/blobServices",
            "apiVersion": "2022-09-01",
            "name": "[concat(parameters('storageAccounts_datalakev49578j_name'), '/default')]",
            "dependsOn": [
                "[resourceId('Microsoft.Storage/storageAccounts', parameters('storageAccounts_datalakev49578j_name'))]"
            ],
            "sku": {
                "name": "Standard_LRS",
                "tier": "Standard"
            },
            "properties": {
                "cors": {
                    "corsRules": []
                },
                "deleteRetentionPolicy": {
                    "allowPermanentDelete": false,
                    "enabled": false
                }
            }
        },
        {
            "type": "Microsoft.Storage/storageAccounts/fileServices",
            "apiVersion": "2022-09-01",
            "name": "[concat(parameters('storageAccounts_datalakev49578j_name'), '/default')]",
            "dependsOn": [
                "[resourceId('Microsoft.Storage/storageAccounts', parameters('storageAccounts_datalakev49578j_name'))]"
            ],
            "sku": {
                "name": "Standard_LRS",
                "tier": "Standard"
            },
            "properties": {
                "protocolSettings": {
                    "smb": {}
                },
                "cors": {
                    "corsRules": []
                },
                "shareDeleteRetentionPolicy": {
                    "enabled": true,
                    "days": 7
                }
            }
        },
        {
            "type": "Microsoft.Storage/storageAccounts/queueServices",
            "apiVersion": "2022-09-01",
            "name": "[concat(parameters('storageAccounts_datalakev49578j_name'), '/default')]",
            "dependsOn": [
                "[resourceId('Microsoft.Storage/storageAccounts', parameters('storageAccounts_datalakev49578j_name'))]"
            ],
            "properties": {
                "cors": {
                    "corsRules": []
                }
            }
        },
        {
            "type": "Microsoft.Storage/storageAccounts/tableServices",
            "apiVersion": "2022-09-01",
            "name": "[concat(parameters('storageAccounts_datalakev49578j_name'), '/default')]",
            "dependsOn": [
                "[resourceId('Microsoft.Storage/storageAccounts', parameters('storageAccounts_datalakev49578j_name'))]"
            ],
            "properties": {
                "cors": {
                    "corsRules": []
                }
            }
        },
        {
            "type": "Microsoft.Synapse/workspaces/auditingSettings",
            "apiVersion": "2021-06-01",
            "name": "[concat(parameters('workspaces_synapsev49578j_name'), '/Default')]",
            "dependsOn": [
                "[resourceId('Microsoft.Synapse/workspaces', parameters('workspaces_synapsev49578j_name'))]"
            ],
            "properties": {
                "retentionDays": 0,
                "auditActionsAndGroups": [],
                "isStorageSecondaryKeyInUse": false,
                "isAzureMonitorTargetEnabled": false,
                "state": "Disabled",
                "storageAccountSubscriptionId": "00000000-0000-0000-0000-000000000000"
            }
        },
        {
            "type": "Microsoft.Synapse/workspaces/azureADOnlyAuthentications",
            "apiVersion": "2021-06-01",
            "name": "[concat(parameters('workspaces_synapsev49578j_name'), '/default')]",
            "dependsOn": [
                "[resourceId('Microsoft.Synapse/workspaces', parameters('workspaces_synapsev49578j_name'))]"
            ],
            "properties": {
                "azureADOnlyAuthentication": false
            }
        },
        {
            "type": "Microsoft.Synapse/workspaces/dedicatedSQLminimalTlsSettings",
            "apiVersion": "2021-06-01",
            "name": "[concat(parameters('workspaces_synapsev49578j_name'), '/default')]",
            "location": "centralus",
            "dependsOn": [
                "[resourceId('Microsoft.Synapse/workspaces', parameters('workspaces_synapsev49578j_name'))]"
            ],
            "properties": {
                "minimalTlsVersion": "1.2"
            }
        },
        {
            "type": "Microsoft.Synapse/workspaces/extendedAuditingSettings",
            "apiVersion": "2021-06-01",
            "name": "[concat(parameters('workspaces_synapsev49578j_name'), '/Default')]",
            "dependsOn": [
                "[resourceId('Microsoft.Synapse/workspaces', parameters('workspaces_synapsev49578j_name'))]"
            ],
            "properties": {
                "retentionDays": 0,
                "auditActionsAndGroups": [],
                "isStorageSecondaryKeyInUse": false,
                "isAzureMonitorTargetEnabled": false,
                "state": "Disabled",
                "storageAccountSubscriptionId": "00000000-0000-0000-0000-000000000000"
            }
        },
        {
            "type": "Microsoft.Synapse/workspaces/firewallRules",
            "apiVersion": "2021-06-01",
            "name": "[concat(parameters('workspaces_synapsev49578j_name'), '/allowAll')]",
            "dependsOn": [
                "[resourceId('Microsoft.Synapse/workspaces', parameters('workspaces_synapsev49578j_name'))]"
            ],
            "properties": {
                "startIpAddress": "0.0.0.0",
                "endIpAddress": "255.255.255.255"
            }
        },
        {
            "type": "Microsoft.Synapse/workspaces/integrationruntimes",
            "apiVersion": "2021-06-01",
            "name": "[concat(parameters('workspaces_synapsev49578j_name'), '/AutoResolveIntegrationRuntime')]",
            "dependsOn": [
                "[resourceId('Microsoft.Synapse/workspaces', parameters('workspaces_synapsev49578j_name'))]"
            ],
            "properties": {
                "type": "Managed",
                "typeProperties": {
                    "computeProperties": {
                        "location": "AutoResolve"
                    }
                }
            }
        },
        {
            "type": "Microsoft.Synapse/workspaces/securityAlertPolicies",
            "apiVersion": "2021-06-01",
            "name": "[concat(parameters('workspaces_synapsev49578j_name'), '/Default')]",
            "dependsOn": [
                "[resourceId('Microsoft.Synapse/workspaces', parameters('workspaces_synapsev49578j_name'))]"
            ],
            "properties": {
                "state": "Disabled",
                "disabledAlerts": [
                    ""
                ],
                "emailAddresses": [
                    ""
                ],
                "emailAccountAdmins": false,
                "retentionDays": 0
            }
        },
        {
            "type": "Microsoft.Synapse/workspaces/sqlPools",
            "apiVersion": "2021-06-01",
            "name": "[concat(parameters('workspaces_synapsev49578j_name'), '/sqlv49578j')]",
            "location": "centralus",
            "dependsOn": [
                "[resourceId('Microsoft.Synapse/workspaces', parameters('workspaces_synapsev49578j_name'))]"
            ],
            "sku": {
                "name": "DW100c",
                "capacity": 0
            },
            "properties": {
                "maxSizeBytes": 263882790666240,
                "collation": "SQL_Latin1_General_CP1_CI_AS",
                "storageAccountType": "GRS",
                "provisioningState": "Succeeded"
            }
        },
        {
            "type": "Microsoft.Synapse/workspaces/vulnerabilityAssessments",
            "apiVersion": "2021-06-01",
            "name": "[concat(parameters('workspaces_synapsev49578j_name'), '/Default')]",
            "dependsOn": [
                "[resourceId('Microsoft.Synapse/workspaces', parameters('workspaces_synapsev49578j_name'))]"
            ],
            "properties": {
                "recurringScans": {
                    "isEnabled": false,
                    "emailSubscriptionAdmins": true
                },
                "storageContainerPath": "[parameters('vulnerabilityAssessments_Default_storageContainerPath_1')]"
            }
        },
        {
            "type": "Microsoft.Sql/servers/databases/advancedThreatProtectionSettings",
            "apiVersion": "2022-08-01-preview",
            "name": "[concat(parameters('servers_sqldbv49578j_name'), '/AdventureWorksLT/Default')]",
            "dependsOn": [
                "[resourceId('Microsoft.Sql/servers/databases', parameters('servers_sqldbv49578j_name'), 'AdventureWorksLT')]",
                "[resourceId('Microsoft.Sql/servers', parameters('servers_sqldbv49578j_name'))]"
            ],
            "properties": {
                "state": "Disabled"
            }
        },
        {
            "type": "Microsoft.Sql/servers/databases/advisors",
            "apiVersion": "2014-04-01",
            "name": "[concat(parameters('servers_sqldbv49578j_name'), '/AdventureWorksLT/CreateIndex')]",
            "dependsOn": [
                "[resourceId('Microsoft.Sql/servers/databases', parameters('servers_sqldbv49578j_name'), 'AdventureWorksLT')]",
                "[resourceId('Microsoft.Sql/servers', parameters('servers_sqldbv49578j_name'))]"
            ],
            "properties": {
                "autoExecuteValue": "Disabled"
            }
        },
        {
            "type": "Microsoft.Sql/servers/databases/advisors",
            "apiVersion": "2014-04-01",
            "name": "[concat(parameters('servers_sqldbv49578j_name'), '/AdventureWorksLT/DbParameterization')]",
            "dependsOn": [
                "[resourceId('Microsoft.Sql/servers/databases', parameters('servers_sqldbv49578j_name'), 'AdventureWorksLT')]",
                "[resourceId('Microsoft.Sql/servers', parameters('servers_sqldbv49578j_name'))]"
            ],
            "properties": {
                "autoExecuteValue": "Disabled"
            }
        },
        {
            "type": "Microsoft.Sql/servers/databases/advisors",
            "apiVersion": "2014-04-01",
            "name": "[concat(parameters('servers_sqldbv49578j_name'), '/AdventureWorksLT/DefragmentIndex')]",
            "dependsOn": [
                "[resourceId('Microsoft.Sql/servers/databases', parameters('servers_sqldbv49578j_name'), 'AdventureWorksLT')]",
                "[resourceId('Microsoft.Sql/servers', parameters('servers_sqldbv49578j_name'))]"
            ],
            "properties": {
                "autoExecuteValue": "Disabled"
            }
        },
        {
            "type": "Microsoft.Sql/servers/databases/advisors",
            "apiVersion": "2014-04-01",
            "name": "[concat(parameters('servers_sqldbv49578j_name'), '/AdventureWorksLT/DropIndex')]",
            "dependsOn": [
                "[resourceId('Microsoft.Sql/servers/databases', parameters('servers_sqldbv49578j_name'), 'AdventureWorksLT')]",
                "[resourceId('Microsoft.Sql/servers', parameters('servers_sqldbv49578j_name'))]"
            ],
            "properties": {
                "autoExecuteValue": "Disabled"
            }
        },
        {
            "type": "Microsoft.Sql/servers/databases/advisors",
            "apiVersion": "2014-04-01",
            "name": "[concat(parameters('servers_sqldbv49578j_name'), '/AdventureWorksLT/ForceLastGoodPlan')]",
            "dependsOn": [
                "[resourceId('Microsoft.Sql/servers/databases', parameters('servers_sqldbv49578j_name'), 'AdventureWorksLT')]",
                "[resourceId('Microsoft.Sql/servers', parameters('servers_sqldbv49578j_name'))]"
            ],
            "properties": {
                "autoExecuteValue": "Enabled"
            }
        },
        {
            "type": "Microsoft.Sql/servers/databases/auditingPolicies",
            "apiVersion": "2014-04-01",
            "name": "[concat(parameters('servers_sqldbv49578j_name'), '/AdventureWorksLT/Default')]",
            "location": "Central US",
            "dependsOn": [
                "[resourceId('Microsoft.Sql/servers/databases', parameters('servers_sqldbv49578j_name'), 'AdventureWorksLT')]",
                "[resourceId('Microsoft.Sql/servers', parameters('servers_sqldbv49578j_name'))]"
            ],
            "properties": {
                "auditingState": "Disabled"
            }
        },
        {
            "type": "Microsoft.Sql/servers/databases/auditingSettings",
            "apiVersion": "2022-08-01-preview",
            "name": "[concat(parameters('servers_sqldbv49578j_name'), '/AdventureWorksLT/Default')]",
            "dependsOn": [
                "[resourceId('Microsoft.Sql/servers/databases', parameters('servers_sqldbv49578j_name'), 'AdventureWorksLT')]",
                "[resourceId('Microsoft.Sql/servers', parameters('servers_sqldbv49578j_name'))]"
            ],
            "properties": {
                "retentionDays": 0,
                "isAzureMonitorTargetEnabled": false,
                "state": "Disabled",
                "storageAccountSubscriptionId": "00000000-0000-0000-0000-000000000000"
            }
        },
        {
            "type": "Microsoft.Sql/servers/databases/backupLongTermRetentionPolicies",
            "apiVersion": "2022-08-01-preview",
            "name": "[concat(parameters('servers_sqldbv49578j_name'), '/AdventureWorksLT/default')]",
            "dependsOn": [
                "[resourceId('Microsoft.Sql/servers/databases', parameters('servers_sqldbv49578j_name'), 'AdventureWorksLT')]",
                "[resourceId('Microsoft.Sql/servers', parameters('servers_sqldbv49578j_name'))]"
            ],
            "properties": {
                "weeklyRetention": "PT0S",
                "monthlyRetention": "PT0S",
                "yearlyRetention": "PT0S",
                "weekOfYear": 0
            }
        },
        {
            "type": "Microsoft.Sql/servers/databases/backupShortTermRetentionPolicies",
            "apiVersion": "2022-08-01-preview",
            "name": "[concat(parameters('servers_sqldbv49578j_name'), '/AdventureWorksLT/default')]",
            "dependsOn": [
                "[resourceId('Microsoft.Sql/servers/databases', parameters('servers_sqldbv49578j_name'), 'AdventureWorksLT')]",
                "[resourceId('Microsoft.Sql/servers', parameters('servers_sqldbv49578j_name'))]"
            ],
            "properties": {
                "retentionDays": 7,
                "diffBackupIntervalInHours": 12
            }
        },
        {
            "type": "Microsoft.Sql/servers/databases/extendedAuditingSettings",
            "apiVersion": "2022-08-01-preview",
            "name": "[concat(parameters('servers_sqldbv49578j_name'), '/AdventureWorksLT/Default')]",
            "dependsOn": [
                "[resourceId('Microsoft.Sql/servers/databases', parameters('servers_sqldbv49578j_name'), 'AdventureWorksLT')]",
                "[resourceId('Microsoft.Sql/servers', parameters('servers_sqldbv49578j_name'))]"
            ],
            "properties": {
                "retentionDays": 0,
                "isAzureMonitorTargetEnabled": false,
                "state": "Disabled",
                "storageAccountSubscriptionId": "00000000-0000-0000-0000-000000000000"
            }
        },
        {
            "type": "Microsoft.Sql/servers/databases/geoBackupPolicies",
            "apiVersion": "2022-08-01-preview",
            "name": "[concat(parameters('servers_sqldbv49578j_name'), '/AdventureWorksLT/Default')]",
            "dependsOn": [
                "[resourceId('Microsoft.Sql/servers/databases', parameters('servers_sqldbv49578j_name'), 'AdventureWorksLT')]",
                "[resourceId('Microsoft.Sql/servers', parameters('servers_sqldbv49578j_name'))]"
            ],
            "properties": {
                "state": "Enabled"
            }
        },
        {
            "type": "Microsoft.Sql/servers/databases/ledgerDigestUploads",
            "apiVersion": "2022-08-01-preview",
            "name": "[concat(parameters('servers_sqldbv49578j_name'), '/AdventureWorksLT/Current')]",
            "dependsOn": [
                "[resourceId('Microsoft.Sql/servers/databases', parameters('servers_sqldbv49578j_name'), 'AdventureWorksLT')]",
                "[resourceId('Microsoft.Sql/servers', parameters('servers_sqldbv49578j_name'))]"
            ],
            "properties": {}
        },
        {
            "type": "Microsoft.Sql/servers/databases/securityAlertPolicies",
            "apiVersion": "2022-08-01-preview",
            "name": "[concat(parameters('servers_sqldbv49578j_name'), '/AdventureWorksLT/Default')]",
            "dependsOn": [
                "[resourceId('Microsoft.Sql/servers/databases', parameters('servers_sqldbv49578j_name'), 'AdventureWorksLT')]",
                "[resourceId('Microsoft.Sql/servers', parameters('servers_sqldbv49578j_name'))]"
            ],
            "properties": {
                "state": "Disabled",
                "disabledAlerts": [
                    ""
                ],
                "emailAddresses": [
                    ""
                ],
                "emailAccountAdmins": false,
                "retentionDays": 0
            }
        },
        {
            "type": "Microsoft.Sql/servers/databases/transparentDataEncryption",
            "apiVersion": "2022-08-01-preview",
            "name": "[concat(parameters('servers_sqldbv49578j_name'), '/AdventureWorksLT/Current')]",
            "dependsOn": [
                "[resourceId('Microsoft.Sql/servers/databases', parameters('servers_sqldbv49578j_name'), 'AdventureWorksLT')]",
                "[resourceId('Microsoft.Sql/servers', parameters('servers_sqldbv49578j_name'))]"
            ],
            "properties": {
                "state": "Enabled"
            }
        },
        {
            "type": "Microsoft.Sql/servers/databases/vulnerabilityAssessments",
            "apiVersion": "2022-08-01-preview",
            "name": "[concat(parameters('servers_sqldbv49578j_name'), '/AdventureWorksLT/Default')]",
            "dependsOn": [
                "[resourceId('Microsoft.Sql/servers/databases', parameters('servers_sqldbv49578j_name'), 'AdventureWorksLT')]",
                "[resourceId('Microsoft.Sql/servers', parameters('servers_sqldbv49578j_name'))]"
            ],
            "properties": {
                "recurringScans": {
                    "isEnabled": false,
                    "emailSubscriptionAdmins": true
                }
            }
        },
        {
            "type": "Microsoft.Storage/storageAccounts/blobServices/containers",
            "apiVersion": "2022-09-01",
            "name": "[concat(parameters('storageAccounts_datalakev49578j_name'), '/default/files')]",
            "dependsOn": [
                "[resourceId('Microsoft.Storage/storageAccounts/blobServices', parameters('storageAccounts_datalakev49578j_name'), 'default')]",
                "[resourceId('Microsoft.Storage/storageAccounts', parameters('storageAccounts_datalakev49578j_name'))]"
            ],
            "properties": {
                "immutableStorageWithVersioning": {
                    "enabled": false
                },
                "defaultEncryptionScope": "$account-encryption-key",
                "denyEncryptionScopeOverride": false,
                "publicAccess": "None"
            }
        },
        {
            "type": "Microsoft.Synapse/workspaces/sqlPools/auditingSettings",
            "apiVersion": "2021-06-01",
            "name": "[concat(parameters('workspaces_synapsev49578j_name'), '/sqlv49578j/Default')]",
            "dependsOn": [
                "[resourceId('Microsoft.Synapse/workspaces/sqlPools', parameters('workspaces_synapsev49578j_name'), 'sqlv49578j')]",
                "[resourceId('Microsoft.Synapse/workspaces', parameters('workspaces_synapsev49578j_name'))]"
            ],
            "properties": {
                "retentionDays": 0,
                "auditActionsAndGroups": [],
                "isStorageSecondaryKeyInUse": false,
                "isAzureMonitorTargetEnabled": false,
                "state": "Disabled",
                "storageAccountSubscriptionId": "00000000-0000-0000-0000-000000000000"
            }
        },
        {
            "type": "Microsoft.Synapse/workspaces/sqlPools/extendedAuditingSettings",
            "apiVersion": "2021-06-01",
            "name": "[concat(parameters('workspaces_synapsev49578j_name'), '/sqlv49578j/Default')]",
            "dependsOn": [
                "[resourceId('Microsoft.Synapse/workspaces/sqlPools', parameters('workspaces_synapsev49578j_name'), 'sqlv49578j')]",
                "[resourceId('Microsoft.Synapse/workspaces', parameters('workspaces_synapsev49578j_name'))]"
            ],
            "properties": {
                "retentionDays": 0,
                "auditActionsAndGroups": [],
                "isStorageSecondaryKeyInUse": false,
                "isAzureMonitorTargetEnabled": false,
                "state": "Disabled",
                "storageAccountSubscriptionId": "00000000-0000-0000-0000-000000000000"
            }
        },
        {
            "type": "Microsoft.Synapse/workspaces/sqlPools/geoBackupPolicies",
            "apiVersion": "2021-06-01",
            "name": "[concat(parameters('workspaces_synapsev49578j_name'), '/sqlv49578j/Default')]",
            "location": "Central US",
            "dependsOn": [
                "[resourceId('Microsoft.Synapse/workspaces/sqlPools', parameters('workspaces_synapsev49578j_name'), 'sqlv49578j')]",
                "[resourceId('Microsoft.Synapse/workspaces', parameters('workspaces_synapsev49578j_name'))]"
            ],
            "properties": {
                "state": "Enabled"
            }
        },
        {
            "type": "Microsoft.Synapse/workspaces/sqlPools/securityAlertPolicies",
            "apiVersion": "2021-06-01",
            "name": "[concat(parameters('workspaces_synapsev49578j_name'), '/sqlv49578j/Default')]",
            "dependsOn": [
                "[resourceId('Microsoft.Synapse/workspaces/sqlPools', parameters('workspaces_synapsev49578j_name'), 'sqlv49578j')]",
                "[resourceId('Microsoft.Synapse/workspaces', parameters('workspaces_synapsev49578j_name'))]"
            ],
            "properties": {
                "state": "Disabled",
                "disabledAlerts": [
                    ""
                ],
                "emailAddresses": [
                    ""
                ],
                "emailAccountAdmins": false,
                "retentionDays": 0
            }
        },
        {
            "type": "Microsoft.Synapse/workspaces/sqlPools/transparentDataEncryption",
            "apiVersion": "2021-06-01",
            "name": "[concat(parameters('workspaces_synapsev49578j_name'), '/sqlv49578j/current')]",
            "location": "Central US",
            "dependsOn": [
                "[resourceId('Microsoft.Synapse/workspaces/sqlPools', parameters('workspaces_synapsev49578j_name'), 'sqlv49578j')]",
                "[resourceId('Microsoft.Synapse/workspaces', parameters('workspaces_synapsev49578j_name'))]"
            ],
            "properties": {
                "status": "Disabled"
            }
        },
        {
            "type": "Microsoft.Synapse/workspaces/sqlPools/vulnerabilityAssessments",
            "apiVersion": "2021-06-01",
            "name": "[concat(parameters('workspaces_synapsev49578j_name'), '/sqlv49578j/Default')]",
            "dependsOn": [
                "[resourceId('Microsoft.Synapse/workspaces/sqlPools', parameters('workspaces_synapsev49578j_name'), 'sqlv49578j')]",
                "[resourceId('Microsoft.Synapse/workspaces', parameters('workspaces_synapsev49578j_name'))]"
            ],
            "properties": {
                "recurringScans": {
                    "isEnabled": false,
                    "emailSubscriptionAdmins": true
                }
            }
        },
        {
            "type": "Microsoft.Synapse/workspaces/sqlPools/workloadGroups",
            "apiVersion": "2021-06-01",
            "name": "[concat(parameters('workspaces_synapsev49578j_name'), '/sqlv49578j/largerc')]",
            "dependsOn": [
                "[resourceId('Microsoft.Synapse/workspaces/sqlPools', parameters('workspaces_synapsev49578j_name'), 'sqlv49578j')]",
                "[resourceId('Microsoft.Synapse/workspaces', parameters('workspaces_synapsev49578j_name'))]"
            ],
            "properties": {
                "minResourcePercent": 0,
                "maxResourcePercent": 100,
                "minResourcePercentPerRequest": 22,
                "maxResourcePercentPerRequest": 22,
                "importance": "normal",
                "queryExecutionTimeout": 0
            }
        },
        {
            "type": "Microsoft.Synapse/workspaces/sqlPools/workloadGroups",
            "apiVersion": "2021-06-01",
            "name": "[concat(parameters('workspaces_synapsev49578j_name'), '/sqlv49578j/mediumrc')]",
            "dependsOn": [
                "[resourceId('Microsoft.Synapse/workspaces/sqlPools', parameters('workspaces_synapsev49578j_name'), 'sqlv49578j')]",
                "[resourceId('Microsoft.Synapse/workspaces', parameters('workspaces_synapsev49578j_name'))]"
            ],
            "properties": {
                "minResourcePercent": 0,
                "maxResourcePercent": 100,
                "minResourcePercentPerRequest": 10,
                "maxResourcePercentPerRequest": 10,
                "importance": "normal",
                "queryExecutionTimeout": 0
            }
        },
        {
            "type": "Microsoft.Synapse/workspaces/sqlPools/workloadGroups",
            "apiVersion": "2021-06-01",
            "name": "[concat(parameters('workspaces_synapsev49578j_name'), '/sqlv49578j/smallrc')]",
            "dependsOn": [
                "[resourceId('Microsoft.Synapse/workspaces/sqlPools', parameters('workspaces_synapsev49578j_name'), 'sqlv49578j')]",
                "[resourceId('Microsoft.Synapse/workspaces', parameters('workspaces_synapsev49578j_name'))]"
            ],
            "properties": {
                "minResourcePercent": 0,
                "maxResourcePercent": 100,
                "minResourcePercentPerRequest": 3,
                "maxResourcePercentPerRequest": 3,
                "importance": "normal",
                "queryExecutionTimeout": 0
            }
        },
        {
            "type": "Microsoft.Synapse/workspaces/sqlPools/workloadGroups",
            "apiVersion": "2021-06-01",
            "name": "[concat(parameters('workspaces_synapsev49578j_name'), '/sqlv49578j/staticrc10')]",
            "dependsOn": [
                "[resourceId('Microsoft.Synapse/workspaces/sqlPools', parameters('workspaces_synapsev49578j_name'), 'sqlv49578j')]",
                "[resourceId('Microsoft.Synapse/workspaces', parameters('workspaces_synapsev49578j_name'))]"
            ],
            "properties": {
                "minResourcePercent": 0,
                "maxResourcePercent": 100,
                "minResourcePercentPerRequest": 0.4,
                "maxResourcePercentPerRequest": 0.4,
                "importance": "normal",
                "queryExecutionTimeout": 0
            }
        },
        {
            "type": "Microsoft.Synapse/workspaces/sqlPools/workloadGroups",
            "apiVersion": "2021-06-01",
            "name": "[concat(parameters('workspaces_synapsev49578j_name'), '/sqlv49578j/staticrc20')]",
            "dependsOn": [
                "[resourceId('Microsoft.Synapse/workspaces/sqlPools', parameters('workspaces_synapsev49578j_name'), 'sqlv49578j')]",
                "[resourceId('Microsoft.Synapse/workspaces', parameters('workspaces_synapsev49578j_name'))]"
            ],
            "properties": {
                "minResourcePercent": 0,
                "maxResourcePercent": 100,
                "minResourcePercentPerRequest": 0.8,
                "maxResourcePercentPerRequest": 0.8,
                "importance": "normal",
                "queryExecutionTimeout": 0
            }
        },
        {
            "type": "Microsoft.Synapse/workspaces/sqlPools/workloadGroups",
            "apiVersion": "2021-06-01",
            "name": "[concat(parameters('workspaces_synapsev49578j_name'), '/sqlv49578j/staticrc30')]",
            "dependsOn": [
                "[resourceId('Microsoft.Synapse/workspaces/sqlPools', parameters('workspaces_synapsev49578j_name'), 'sqlv49578j')]",
                "[resourceId('Microsoft.Synapse/workspaces', parameters('workspaces_synapsev49578j_name'))]"
            ],
            "properties": {
                "minResourcePercent": 0,
                "maxResourcePercent": 100,
                "minResourcePercentPerRequest": 1.6,
                "maxResourcePercentPerRequest": 1.6,
                "importance": "normal",
                "queryExecutionTimeout": 0
            }
        },
        {
            "type": "Microsoft.Synapse/workspaces/sqlPools/workloadGroups",
            "apiVersion": "2021-06-01",
            "name": "[concat(parameters('workspaces_synapsev49578j_name'), '/sqlv49578j/staticrc40')]",
            "dependsOn": [
                "[resourceId('Microsoft.Synapse/workspaces/sqlPools', parameters('workspaces_synapsev49578j_name'), 'sqlv49578j')]",
                "[resourceId('Microsoft.Synapse/workspaces', parameters('workspaces_synapsev49578j_name'))]"
            ],
            "properties": {
                "minResourcePercent": 0,
                "maxResourcePercent": 100,
                "minResourcePercentPerRequest": 3.2,
                "maxResourcePercentPerRequest": 3.2,
                "importance": "normal",
                "queryExecutionTimeout": 0
            }
        },
        {
            "type": "Microsoft.Synapse/workspaces/sqlPools/workloadGroups",
            "apiVersion": "2021-06-01",
            "name": "[concat(parameters('workspaces_synapsev49578j_name'), '/sqlv49578j/staticrc50')]",
            "dependsOn": [
                "[resourceId('Microsoft.Synapse/workspaces/sqlPools', parameters('workspaces_synapsev49578j_name'), 'sqlv49578j')]",
                "[resourceId('Microsoft.Synapse/workspaces', parameters('workspaces_synapsev49578j_name'))]"
            ],
            "properties": {
                "minResourcePercent": 0,
                "maxResourcePercent": 100,
                "minResourcePercentPerRequest": 6.4,
                "maxResourcePercentPerRequest": 6.4,
                "importance": "normal",
                "queryExecutionTimeout": 0
            }
        },
        {
            "type": "Microsoft.Synapse/workspaces/sqlPools/workloadGroups",
            "apiVersion": "2021-06-01",
            "name": "[concat(parameters('workspaces_synapsev49578j_name'), '/sqlv49578j/staticrc60')]",
            "dependsOn": [
                "[resourceId('Microsoft.Synapse/workspaces/sqlPools', parameters('workspaces_synapsev49578j_name'), 'sqlv49578j')]",
                "[resourceId('Microsoft.Synapse/workspaces', parameters('workspaces_synapsev49578j_name'))]"
            ],
            "properties": {
                "minResourcePercent": 0,
                "maxResourcePercent": 100,
                "minResourcePercentPerRequest": 12.8,
                "maxResourcePercentPerRequest": 12.8,
                "importance": "normal",
                "queryExecutionTimeout": 0
            }
        },
        {
            "type": "Microsoft.Synapse/workspaces/sqlPools/workloadGroups",
            "apiVersion": "2021-06-01",
            "name": "[concat(parameters('workspaces_synapsev49578j_name'), '/sqlv49578j/staticrc70')]",
            "dependsOn": [
                "[resourceId('Microsoft.Synapse/workspaces/sqlPools', parameters('workspaces_synapsev49578j_name'), 'sqlv49578j')]",
                "[resourceId('Microsoft.Synapse/workspaces', parameters('workspaces_synapsev49578j_name'))]"
            ],
            "properties": {
                "minResourcePercent": 0,
                "maxResourcePercent": 100,
                "minResourcePercentPerRequest": 25.6,
                "maxResourcePercentPerRequest": 25.6,
                "importance": "normal",
                "queryExecutionTimeout": 0
            }
        },
        {
            "type": "Microsoft.Synapse/workspaces/sqlPools/workloadGroups",
            "apiVersion": "2021-06-01",
            "name": "[concat(parameters('workspaces_synapsev49578j_name'), '/sqlv49578j/staticrc80')]",
            "dependsOn": [
                "[resourceId('Microsoft.Synapse/workspaces/sqlPools', parameters('workspaces_synapsev49578j_name'), 'sqlv49578j')]",
                "[resourceId('Microsoft.Synapse/workspaces', parameters('workspaces_synapsev49578j_name'))]"
            ],
            "properties": {
                "minResourcePercent": 0,
                "maxResourcePercent": 100,
                "minResourcePercentPerRequest": 51.2,
                "maxResourcePercentPerRequest": 51.2,
                "importance": "normal",
                "queryExecutionTimeout": 0
            }
        },
        {
            "type": "Microsoft.Synapse/workspaces/sqlPools/workloadGroups",
            "apiVersion": "2021-06-01",
            "name": "[concat(parameters('workspaces_synapsev49578j_name'), '/sqlv49578j/xlargerc')]",
            "dependsOn": [
                "[resourceId('Microsoft.Synapse/workspaces/sqlPools', parameters('workspaces_synapsev49578j_name'), 'sqlv49578j')]",
                "[resourceId('Microsoft.Synapse/workspaces', parameters('workspaces_synapsev49578j_name'))]"
            ],
            "properties": {
                "minResourcePercent": 0,
                "maxResourcePercent": 100,
                "minResourcePercentPerRequest": 70,
                "maxResourcePercentPerRequest": 70,
                "importance": "normal",
                "queryExecutionTimeout": 0
            }
        },
        {
            "type": "Microsoft.Synapse/workspaces/sqlPools/workloadGroups/workloadClassifiers",
            "apiVersion": "2021-06-01",
            "name": "[concat(parameters('workspaces_synapsev49578j_name'), '/sqlv49578j/largerc/largerc')]",
            "dependsOn": [
                "[resourceId('Microsoft.Synapse/workspaces/sqlPools/workloadGroups', parameters('workspaces_synapsev49578j_name'), 'sqlv49578j', 'largerc')]",
                "[resourceId('Microsoft.Synapse/workspaces/sqlPools', parameters('workspaces_synapsev49578j_name'), 'sqlv49578j')]",
                "[resourceId('Microsoft.Synapse/workspaces', parameters('workspaces_synapsev49578j_name'))]"
            ],
            "properties": {
                "memberName": "largerc",
                "importance": "normal"
            }
        },
        {
            "type": "Microsoft.Synapse/workspaces/sqlPools/workloadGroups/workloadClassifiers",
            "apiVersion": "2021-06-01",
            "name": "[concat(parameters('workspaces_synapsev49578j_name'), '/sqlv49578j/mediumrc/mediumrc')]",
            "dependsOn": [
                "[resourceId('Microsoft.Synapse/workspaces/sqlPools/workloadGroups', parameters('workspaces_synapsev49578j_name'), 'sqlv49578j', 'mediumrc')]",
                "[resourceId('Microsoft.Synapse/workspaces/sqlPools', parameters('workspaces_synapsev49578j_name'), 'sqlv49578j')]",
                "[resourceId('Microsoft.Synapse/workspaces', parameters('workspaces_synapsev49578j_name'))]"
            ],
            "properties": {
                "memberName": "mediumrc",
                "importance": "normal"
            }
        },
        {
            "type": "Microsoft.Synapse/workspaces/sqlPools/workloadGroups/workloadClassifiers",
            "apiVersion": "2021-06-01",
            "name": "[concat(parameters('workspaces_synapsev49578j_name'), '/sqlv49578j/smallrc/smallrc')]",
            "dependsOn": [
                "[resourceId('Microsoft.Synapse/workspaces/sqlPools/workloadGroups', parameters('workspaces_synapsev49578j_name'), 'sqlv49578j', 'smallrc')]",
                "[resourceId('Microsoft.Synapse/workspaces/sqlPools', parameters('workspaces_synapsev49578j_name'), 'sqlv49578j')]",
                "[resourceId('Microsoft.Synapse/workspaces', parameters('workspaces_synapsev49578j_name'))]"
            ],
            "properties": {
                "memberName": "smallrc",
                "importance": "normal"
            }
        },
        {
            "type": "Microsoft.Synapse/workspaces/sqlPools/workloadGroups/workloadClassifiers",
            "apiVersion": "2021-06-01",
            "name": "[concat(parameters('workspaces_synapsev49578j_name'), '/sqlv49578j/staticrc10/staticrc10')]",
            "dependsOn": [
                "[resourceId('Microsoft.Synapse/workspaces/sqlPools/workloadGroups', parameters('workspaces_synapsev49578j_name'), 'sqlv49578j', 'staticrc10')]",
                "[resourceId('Microsoft.Synapse/workspaces/sqlPools', parameters('workspaces_synapsev49578j_name'), 'sqlv49578j')]",
                "[resourceId('Microsoft.Synapse/workspaces', parameters('workspaces_synapsev49578j_name'))]"
            ],
            "properties": {
                "memberName": "staticrc10",
                "importance": "normal"
            }
        },
        {
            "type": "Microsoft.Synapse/workspaces/sqlPools/workloadGroups/workloadClassifiers",
            "apiVersion": "2021-06-01",
            "name": "[concat(parameters('workspaces_synapsev49578j_name'), '/sqlv49578j/staticrc20/staticrc20')]",
            "dependsOn": [
                "[resourceId('Microsoft.Synapse/workspaces/sqlPools/workloadGroups', parameters('workspaces_synapsev49578j_name'), 'sqlv49578j', 'staticrc20')]",
                "[resourceId('Microsoft.Synapse/workspaces/sqlPools', parameters('workspaces_synapsev49578j_name'), 'sqlv49578j')]",
                "[resourceId('Microsoft.Synapse/workspaces', parameters('workspaces_synapsev49578j_name'))]"
            ],
            "properties": {
                "memberName": "staticrc20",
                "importance": "normal"
            }
        },
        {
            "type": "Microsoft.Synapse/workspaces/sqlPools/workloadGroups/workloadClassifiers",
            "apiVersion": "2021-06-01",
            "name": "[concat(parameters('workspaces_synapsev49578j_name'), '/sqlv49578j/staticrc30/staticrc30')]",
            "dependsOn": [
                "[resourceId('Microsoft.Synapse/workspaces/sqlPools/workloadGroups', parameters('workspaces_synapsev49578j_name'), 'sqlv49578j', 'staticrc30')]",
                "[resourceId('Microsoft.Synapse/workspaces/sqlPools', parameters('workspaces_synapsev49578j_name'), 'sqlv49578j')]",
                "[resourceId('Microsoft.Synapse/workspaces', parameters('workspaces_synapsev49578j_name'))]"
            ],
            "properties": {
                "memberName": "staticrc30",
                "importance": "normal"
            }
        },
        {
            "type": "Microsoft.Synapse/workspaces/sqlPools/workloadGroups/workloadClassifiers",
            "apiVersion": "2021-06-01",
            "name": "[concat(parameters('workspaces_synapsev49578j_name'), '/sqlv49578j/staticrc40/staticrc40')]",
            "dependsOn": [
                "[resourceId('Microsoft.Synapse/workspaces/sqlPools/workloadGroups', parameters('workspaces_synapsev49578j_name'), 'sqlv49578j', 'staticrc40')]",
                "[resourceId('Microsoft.Synapse/workspaces/sqlPools', parameters('workspaces_synapsev49578j_name'), 'sqlv49578j')]",
                "[resourceId('Microsoft.Synapse/workspaces', parameters('workspaces_synapsev49578j_name'))]"
            ],
            "properties": {
                "memberName": "staticrc40",
                "importance": "normal"
            }
        },
        {
            "type": "Microsoft.Synapse/workspaces/sqlPools/workloadGroups/workloadClassifiers",
            "apiVersion": "2021-06-01",
            "name": "[concat(parameters('workspaces_synapsev49578j_name'), '/sqlv49578j/staticrc50/staticrc50')]",
            "dependsOn": [
                "[resourceId('Microsoft.Synapse/workspaces/sqlPools/workloadGroups', parameters('workspaces_synapsev49578j_name'), 'sqlv49578j', 'staticrc50')]",
                "[resourceId('Microsoft.Synapse/workspaces/sqlPools', parameters('workspaces_synapsev49578j_name'), 'sqlv49578j')]",
                "[resourceId('Microsoft.Synapse/workspaces', parameters('workspaces_synapsev49578j_name'))]"
            ],
            "properties": {
                "memberName": "staticrc50",
                "importance": "normal"
            }
        },
        {
            "type": "Microsoft.Synapse/workspaces/sqlPools/workloadGroups/workloadClassifiers",
            "apiVersion": "2021-06-01",
            "name": "[concat(parameters('workspaces_synapsev49578j_name'), '/sqlv49578j/staticrc60/staticrc60')]",
            "dependsOn": [
                "[resourceId('Microsoft.Synapse/workspaces/sqlPools/workloadGroups', parameters('workspaces_synapsev49578j_name'), 'sqlv49578j', 'staticrc60')]",
                "[resourceId('Microsoft.Synapse/workspaces/sqlPools', parameters('workspaces_synapsev49578j_name'), 'sqlv49578j')]",
                "[resourceId('Microsoft.Synapse/workspaces', parameters('workspaces_synapsev49578j_name'))]"
            ],
            "properties": {
                "memberName": "staticrc60",
                "importance": "normal"
            }
        },
        {
            "type": "Microsoft.Synapse/workspaces/sqlPools/workloadGroups/workloadClassifiers",
            "apiVersion": "2021-06-01",
            "name": "[concat(parameters('workspaces_synapsev49578j_name'), '/sqlv49578j/staticrc70/staticrc70')]",
            "dependsOn": [
                "[resourceId('Microsoft.Synapse/workspaces/sqlPools/workloadGroups', parameters('workspaces_synapsev49578j_name'), 'sqlv49578j', 'staticrc70')]",
                "[resourceId('Microsoft.Synapse/workspaces/sqlPools', parameters('workspaces_synapsev49578j_name'), 'sqlv49578j')]",
                "[resourceId('Microsoft.Synapse/workspaces', parameters('workspaces_synapsev49578j_name'))]"
            ],
            "properties": {
                "memberName": "staticrc70",
                "importance": "normal"
            }
        },
        {
            "type": "Microsoft.Synapse/workspaces/sqlPools/workloadGroups/workloadClassifiers",
            "apiVersion": "2021-06-01",
            "name": "[concat(parameters('workspaces_synapsev49578j_name'), '/sqlv49578j/staticrc80/staticrc80')]",
            "dependsOn": [
                "[resourceId('Microsoft.Synapse/workspaces/sqlPools/workloadGroups', parameters('workspaces_synapsev49578j_name'), 'sqlv49578j', 'staticrc80')]",
                "[resourceId('Microsoft.Synapse/workspaces/sqlPools', parameters('workspaces_synapsev49578j_name'), 'sqlv49578j')]",
                "[resourceId('Microsoft.Synapse/workspaces', parameters('workspaces_synapsev49578j_name'))]"
            ],
            "properties": {
                "memberName": "staticrc80",
                "importance": "normal"
            }
        },
        {
            "type": "Microsoft.Synapse/workspaces/sqlPools/workloadGroups/workloadClassifiers",
            "apiVersion": "2021-06-01",
            "name": "[concat(parameters('workspaces_synapsev49578j_name'), '/sqlv49578j/xlargerc/xlargerc')]",
            "dependsOn": [
                "[resourceId('Microsoft.Synapse/workspaces/sqlPools/workloadGroups', parameters('workspaces_synapsev49578j_name'), 'sqlv49578j', 'xlargerc')]",
                "[resourceId('Microsoft.Synapse/workspaces/sqlPools', parameters('workspaces_synapsev49578j_name'), 'sqlv49578j')]",
                "[resourceId('Microsoft.Synapse/workspaces', parameters('workspaces_synapsev49578j_name'))]"
            ],
            "properties": {
                "memberName": "xlargerc",
                "importance": "normal"
            }
        }
    ]
}