{
    "$schema": "https://schema.management.azure.com/schemas/2019-04-01/deploymentTemplate.json#",
    "contentVersion": "1.0.0.0",
    "parameters": {
        "vulnerabilityAssessments_Default_storageContainerPath": {
            "type": "SecureString"
        },
        "workspaces_synapsemzrcqdh_name": {
            "defaultValue": "synapsemzrcqdh",
            "type": "String"
        },
        "storageAccounts_datalakemzrcqdh_name": {
            "defaultValue": "datalakemzrcqdh",
            "type": "String"
        }
    },
    "variables": {},
    "resources": [
        {
            "type": "Microsoft.Storage/storageAccounts",
            "apiVersion": "2022-09-01",
            "name": "[parameters('storageAccounts_datalakemzrcqdh_name')]",
            "location": "centralus",
            "sku": {
                "name": "Standard_LRS",
                "tier": "Standard"
            },
            "kind": "StorageV2",
            "properties": {
                "minimumTlsVersion": "TLS1_0",
                "allowBlobPublicAccess": true,
                "largeFileSharesState": "Disabled",
                "isHnsEnabled": true,
                "networkAcls": {
                    "bypass": "AzureServices",
                    "virtualNetworkRules": [],
                    "ipRules": [],
                    "defaultAction": "Allow"
                },
                "supportsHttpsTrafficOnly": true,
                "encryption": {
                    "services": {
                        "file": {
                            "keyType": "Account",
                            "enabled": true
                        },
                        "blob": {
                            "keyType": "Account",
                            "enabled": true
                        }
                    },
                    "keySource": "Microsoft.Storage"
                },
                "accessTier": "Hot"
            }
        },
        {
            "type": "Microsoft.Synapse/workspaces",
            "apiVersion": "2021-06-01",
            "name": "[parameters('workspaces_synapsemzrcqdh_name')]",
            "location": "centralus",
            "identity": {
                "type": "SystemAssigned"
            },
            "properties": {
                "defaultDataLakeStorage": {
                    "createManagedPrivateEndpoint": false,
                    "accountUrl": "https://datalakemzrcqdh.dfs.core.windows.net",
                    "filesystem": "files"
                },
                "encryption": {},
                "managedResourceGroupName": "synapseworkspace-managedrg-40202959-cd4d-46ee-99d3-bfe0c9d73a7c",
                "sqlAdministratorLogin": "SQLUser",
                "privateEndpointConnections": [],
                "publicNetworkAccess": "Enabled",
                "cspWorkspaceAdminProperties": {
                    "initialWorkspaceAdminObjectId": "ba4b0d23-ca8f-44b8-bbd1-13b884a9718d"
                },
                "trustedServiceBypassEnabled": false
            }
        },
        {
            "type": "Microsoft.Storage/storageAccounts/blobServices",
            "apiVersion": "2022-09-01",
            "name": "[concat(parameters('storageAccounts_datalakemzrcqdh_name'), '/default')]",
            "dependsOn": [
                "[resourceId('Microsoft.Storage/storageAccounts', parameters('storageAccounts_datalakemzrcqdh_name'))]"
            ],
            "sku": {
                "name": "Standard_LRS",
                "tier": "Standard"
            },
            "properties": {
                "cors": {
                    "corsRules": []
                },
                "deleteRetentionPolicy": {
                    "allowPermanentDelete": false,
                    "enabled": false
                }
            }
        },
        {
            "type": "Microsoft.Storage/storageAccounts/fileServices",
            "apiVersion": "2022-09-01",
            "name": "[concat(parameters('storageAccounts_datalakemzrcqdh_name'), '/default')]",
            "dependsOn": [
                "[resourceId('Microsoft.Storage/storageAccounts', parameters('storageAccounts_datalakemzrcqdh_name'))]"
            ],
            "sku": {
                "name": "Standard_LRS",
                "tier": "Standard"
            },
            "properties": {
                "protocolSettings": {
                    "smb": {}
                },
                "cors": {
                    "corsRules": []
                },
                "shareDeleteRetentionPolicy": {
                    "enabled": true,
                    "days": 7
                }
            }
        },
        {
            "type": "Microsoft.Storage/storageAccounts/queueServices",
            "apiVersion": "2022-09-01",
            "name": "[concat(parameters('storageAccounts_datalakemzrcqdh_name'), '/default')]",
            "dependsOn": [
                "[resourceId('Microsoft.Storage/storageAccounts', parameters('storageAccounts_datalakemzrcqdh_name'))]"
            ],
            "properties": {
                "cors": {
                    "corsRules": []
                }
            }
        },
        {
            "type": "Microsoft.Storage/storageAccounts/tableServices",
            "apiVersion": "2022-09-01",
            "name": "[concat(parameters('storageAccounts_datalakemzrcqdh_name'), '/default')]",
            "dependsOn": [
                "[resourceId('Microsoft.Storage/storageAccounts', parameters('storageAccounts_datalakemzrcqdh_name'))]"
            ],
            "properties": {
                "cors": {
                    "corsRules": []
                }
            }
        },
        {
            "type": "Microsoft.Synapse/workspaces/auditingSettings",
            "apiVersion": "2021-06-01",
            "name": "[concat(parameters('workspaces_synapsemzrcqdh_name'), '/Default')]",
            "dependsOn": [
                "[resourceId('Microsoft.Synapse/workspaces', parameters('workspaces_synapsemzrcqdh_name'))]"
            ],
            "properties": {
                "retentionDays": 0,
                "auditActionsAndGroups": [],
                "isStorageSecondaryKeyInUse": false,
                "isAzureMonitorTargetEnabled": false,
                "state": "Disabled",
                "storageAccountSubscriptionId": "00000000-0000-0000-0000-000000000000"
            }
        },
        {
            "type": "Microsoft.Synapse/workspaces/azureADOnlyAuthentications",
            "apiVersion": "2021-06-01",
            "name": "[concat(parameters('workspaces_synapsemzrcqdh_name'), '/default')]",
            "dependsOn": [
                "[resourceId('Microsoft.Synapse/workspaces', parameters('workspaces_synapsemzrcqdh_name'))]"
            ],
            "properties": {
                "azureADOnlyAuthentication": false
            }
        },
        {
            "type": "Microsoft.Synapse/workspaces/dedicatedSQLminimalTlsSettings",
            "apiVersion": "2021-06-01",
            "name": "[concat(parameters('workspaces_synapsemzrcqdh_name'), '/default')]",
            "location": "centralus",
            "dependsOn": [
                "[resourceId('Microsoft.Synapse/workspaces', parameters('workspaces_synapsemzrcqdh_name'))]"
            ],
            "properties": {
                "minimalTlsVersion": "1.2"
            }
        },
        {
            "type": "Microsoft.Synapse/workspaces/extendedAuditingSettings",
            "apiVersion": "2021-06-01",
            "name": "[concat(parameters('workspaces_synapsemzrcqdh_name'), '/Default')]",
            "dependsOn": [
                "[resourceId('Microsoft.Synapse/workspaces', parameters('workspaces_synapsemzrcqdh_name'))]"
            ],
            "properties": {
                "retentionDays": 0,
                "auditActionsAndGroups": [],
                "isStorageSecondaryKeyInUse": false,
                "isAzureMonitorTargetEnabled": false,
                "state": "Disabled",
                "storageAccountSubscriptionId": "00000000-0000-0000-0000-000000000000"
            }
        },
        {
            "type": "Microsoft.Synapse/workspaces/firewallRules",
            "apiVersion": "2021-06-01",
            "name": "[concat(parameters('workspaces_synapsemzrcqdh_name'), '/allowAll')]",
            "dependsOn": [
                "[resourceId('Microsoft.Synapse/workspaces', parameters('workspaces_synapsemzrcqdh_name'))]"
            ],
            "properties": {
                "startIpAddress": "0.0.0.0",
                "endIpAddress": "255.255.255.255"
            }
        },
        {
            "type": "Microsoft.Synapse/workspaces/integrationruntimes",
            "apiVersion": "2021-06-01",
            "name": "[concat(parameters('workspaces_synapsemzrcqdh_name'), '/AutoResolveIntegrationRuntime')]",
            "dependsOn": [
                "[resourceId('Microsoft.Synapse/workspaces', parameters('workspaces_synapsemzrcqdh_name'))]"
            ],
            "properties": {
                "type": "Managed",
                "typeProperties": {
                    "computeProperties": {
                        "location": "AutoResolve"
                    }
                }
            }
        },
        {
            "type": "Microsoft.Synapse/workspaces/securityAlertPolicies",
            "apiVersion": "2021-06-01",
            "name": "[concat(parameters('workspaces_synapsemzrcqdh_name'), '/Default')]",
            "dependsOn": [
                "[resourceId('Microsoft.Synapse/workspaces', parameters('workspaces_synapsemzrcqdh_name'))]"
            ],
            "properties": {
                "state": "Disabled",
                "disabledAlerts": [
                    ""
                ],
                "emailAddresses": [
                    ""
                ],
                "emailAccountAdmins": false,
                "retentionDays": 0
            }
        },
        {
            "type": "Microsoft.Synapse/workspaces/sqlPools",
            "apiVersion": "2021-06-01",
            "name": "[concat(parameters('workspaces_synapsemzrcqdh_name'), '/sqlmzrcqdh')]",
            "location": "centralus",
            "dependsOn": [
                "[resourceId('Microsoft.Synapse/workspaces', parameters('workspaces_synapsemzrcqdh_name'))]"
            ],
            "sku": {
                "name": "DW100c",
                "capacity": 0
            },
            "properties": {
                "maxSizeBytes": 263882790666240,
                "collation": "SQL_Latin1_General_CP1_CI_AS",
                "storageAccountType": "GRS",
                "provisioningState": "Succeeded"
            }
        },
        {
            "type": "Microsoft.Synapse/workspaces/vulnerabilityAssessments",
            "apiVersion": "2021-06-01",
            "name": "[concat(parameters('workspaces_synapsemzrcqdh_name'), '/Default')]",
            "dependsOn": [
                "[resourceId('Microsoft.Synapse/workspaces', parameters('workspaces_synapsemzrcqdh_name'))]"
            ],
            "properties": {
                "recurringScans": {
                    "isEnabled": false,
                    "emailSubscriptionAdmins": true
                },
                "storageContainerPath": "[parameters('vulnerabilityAssessments_Default_storageContainerPath')]"
            }
        },
        {
            "type": "Microsoft.Storage/storageAccounts/blobServices/containers",
            "apiVersion": "2022-09-01",
            "name": "[concat(parameters('storageAccounts_datalakemzrcqdh_name'), '/default/files')]",
            "dependsOn": [
                "[resourceId('Microsoft.Storage/storageAccounts/blobServices', parameters('storageAccounts_datalakemzrcqdh_name'), 'default')]",
                "[resourceId('Microsoft.Storage/storageAccounts', parameters('storageAccounts_datalakemzrcqdh_name'))]"
            ],
            "properties": {
                "immutableStorageWithVersioning": {
                    "enabled": false
                },
                "defaultEncryptionScope": "$account-encryption-key",
                "denyEncryptionScopeOverride": false,
                "publicAccess": "None"
            }
        },
        {
            "type": "Microsoft.Synapse/workspaces/sqlPools/auditingSettings",
            "apiVersion": "2021-06-01",
            "name": "[concat(parameters('workspaces_synapsemzrcqdh_name'), '/sqlmzrcqdh/Default')]",
            "dependsOn": [
                "[resourceId('Microsoft.Synapse/workspaces/sqlPools', parameters('workspaces_synapsemzrcqdh_name'), 'sqlmzrcqdh')]",
                "[resourceId('Microsoft.Synapse/workspaces', parameters('workspaces_synapsemzrcqdh_name'))]"
            ],
            "properties": {
                "retentionDays": 0,
                "auditActionsAndGroups": [],
                "isStorageSecondaryKeyInUse": false,
                "isAzureMonitorTargetEnabled": false,
                "state": "Disabled",
                "storageAccountSubscriptionId": "00000000-0000-0000-0000-000000000000"
            }
        },
        {
            "type": "Microsoft.Synapse/workspaces/sqlPools/extendedAuditingSettings",
            "apiVersion": "2021-06-01",
            "name": "[concat(parameters('workspaces_synapsemzrcqdh_name'), '/sqlmzrcqdh/Default')]",
            "dependsOn": [
                "[resourceId('Microsoft.Synapse/workspaces/sqlPools', parameters('workspaces_synapsemzrcqdh_name'), 'sqlmzrcqdh')]",
                "[resourceId('Microsoft.Synapse/workspaces', parameters('workspaces_synapsemzrcqdh_name'))]"
            ],
            "properties": {
                "retentionDays": 0,
                "auditActionsAndGroups": [],
                "isStorageSecondaryKeyInUse": false,
                "isAzureMonitorTargetEnabled": false,
                "state": "Disabled",
                "storageAccountSubscriptionId": "00000000-0000-0000-0000-000000000000"
            }
        },
        {
            "type": "Microsoft.Synapse/workspaces/sqlPools/geoBackupPolicies",
            "apiVersion": "2021-06-01",
            "name": "[concat(parameters('workspaces_synapsemzrcqdh_name'), '/sqlmzrcqdh/Default')]",
            "location": "Central US",
            "dependsOn": [
                "[resourceId('Microsoft.Synapse/workspaces/sqlPools', parameters('workspaces_synapsemzrcqdh_name'), 'sqlmzrcqdh')]",
                "[resourceId('Microsoft.Synapse/workspaces', parameters('workspaces_synapsemzrcqdh_name'))]"
            ],
            "properties": {
                "state": "Enabled"
            }
        },
        {
            "type": "Microsoft.Synapse/workspaces/sqlPools/securityAlertPolicies",
            "apiVersion": "2021-06-01",
            "name": "[concat(parameters('workspaces_synapsemzrcqdh_name'), '/sqlmzrcqdh/Default')]",
            "dependsOn": [
                "[resourceId('Microsoft.Synapse/workspaces/sqlPools', parameters('workspaces_synapsemzrcqdh_name'), 'sqlmzrcqdh')]",
                "[resourceId('Microsoft.Synapse/workspaces', parameters('workspaces_synapsemzrcqdh_name'))]"
            ],
            "properties": {
                "state": "Disabled",
                "disabledAlerts": [
                    ""
                ],
                "emailAddresses": [
                    ""
                ],
                "emailAccountAdmins": false,
                "retentionDays": 0
            }
        },
        {
            "type": "Microsoft.Synapse/workspaces/sqlPools/transparentDataEncryption",
            "apiVersion": "2021-06-01",
            "name": "[concat(parameters('workspaces_synapsemzrcqdh_name'), '/sqlmzrcqdh/current')]",
            "location": "Central US",
            "dependsOn": [
                "[resourceId('Microsoft.Synapse/workspaces/sqlPools', parameters('workspaces_synapsemzrcqdh_name'), 'sqlmzrcqdh')]",
                "[resourceId('Microsoft.Synapse/workspaces', parameters('workspaces_synapsemzrcqdh_name'))]"
            ],
            "properties": {
                "status": "Disabled"
            }
        },
        {
            "type": "Microsoft.Synapse/workspaces/sqlPools/vulnerabilityAssessments",
            "apiVersion": "2021-06-01",
            "name": "[concat(parameters('workspaces_synapsemzrcqdh_name'), '/sqlmzrcqdh/Default')]",
            "dependsOn": [
                "[resourceId('Microsoft.Synapse/workspaces/sqlPools', parameters('workspaces_synapsemzrcqdh_name'), 'sqlmzrcqdh')]",
                "[resourceId('Microsoft.Synapse/workspaces', parameters('workspaces_synapsemzrcqdh_name'))]"
            ],
            "properties": {
                "recurringScans": {
                    "isEnabled": false,
                    "emailSubscriptionAdmins": true
                }
            }
        },
        {
            "type": "Microsoft.Synapse/workspaces/sqlPools/workloadGroups",
            "apiVersion": "2021-06-01",
            "name": "[concat(parameters('workspaces_synapsemzrcqdh_name'), '/sqlmzrcqdh/largerc')]",
            "dependsOn": [
                "[resourceId('Microsoft.Synapse/workspaces/sqlPools', parameters('workspaces_synapsemzrcqdh_name'), 'sqlmzrcqdh')]",
                "[resourceId('Microsoft.Synapse/workspaces', parameters('workspaces_synapsemzrcqdh_name'))]"
            ],
            "properties": {
                "minResourcePercent": 0,
                "maxResourcePercent": 100,
                "minResourcePercentPerRequest": 22,
                "maxResourcePercentPerRequest": 22,
                "importance": "normal",
                "queryExecutionTimeout": 0
            }
        },
        {
            "type": "Microsoft.Synapse/workspaces/sqlPools/workloadGroups",
            "apiVersion": "2021-06-01",
            "name": "[concat(parameters('workspaces_synapsemzrcqdh_name'), '/sqlmzrcqdh/mediumrc')]",
            "dependsOn": [
                "[resourceId('Microsoft.Synapse/workspaces/sqlPools', parameters('workspaces_synapsemzrcqdh_name'), 'sqlmzrcqdh')]",
                "[resourceId('Microsoft.Synapse/workspaces', parameters('workspaces_synapsemzrcqdh_name'))]"
            ],
            "properties": {
                "minResourcePercent": 0,
                "maxResourcePercent": 100,
                "minResourcePercentPerRequest": 10,
                "maxResourcePercentPerRequest": 10,
                "importance": "normal",
                "queryExecutionTimeout": 0
            }
        },
        {
            "type": "Microsoft.Synapse/workspaces/sqlPools/workloadGroups",
            "apiVersion": "2021-06-01",
            "name": "[concat(parameters('workspaces_synapsemzrcqdh_name'), '/sqlmzrcqdh/smallrc')]",
            "dependsOn": [
                "[resourceId('Microsoft.Synapse/workspaces/sqlPools', parameters('workspaces_synapsemzrcqdh_name'), 'sqlmzrcqdh')]",
                "[resourceId('Microsoft.Synapse/workspaces', parameters('workspaces_synapsemzrcqdh_name'))]"
            ],
            "properties": {
                "minResourcePercent": 0,
                "maxResourcePercent": 100,
                "minResourcePercentPerRequest": 3,
                "maxResourcePercentPerRequest": 3,
                "importance": "normal",
                "queryExecutionTimeout": 0
            }
        },
        {
            "type": "Microsoft.Synapse/workspaces/sqlPools/workloadGroups",
            "apiVersion": "2021-06-01",
            "name": "[concat(parameters('workspaces_synapsemzrcqdh_name'), '/sqlmzrcqdh/staticrc10')]",
            "dependsOn": [
                "[resourceId('Microsoft.Synapse/workspaces/sqlPools', parameters('workspaces_synapsemzrcqdh_name'), 'sqlmzrcqdh')]",
                "[resourceId('Microsoft.Synapse/workspaces', parameters('workspaces_synapsemzrcqdh_name'))]"
            ],
            "properties": {
                "minResourcePercent": 0,
                "maxResourcePercent": 100,
                "minResourcePercentPerRequest": 0.4,
                "maxResourcePercentPerRequest": 0.4,
                "importance": "normal",
                "queryExecutionTimeout": 0
            }
        },
        {
            "type": "Microsoft.Synapse/workspaces/sqlPools/workloadGroups",
            "apiVersion": "2021-06-01",
            "name": "[concat(parameters('workspaces_synapsemzrcqdh_name'), '/sqlmzrcqdh/staticrc20')]",
            "dependsOn": [
                "[resourceId('Microsoft.Synapse/workspaces/sqlPools', parameters('workspaces_synapsemzrcqdh_name'), 'sqlmzrcqdh')]",
                "[resourceId('Microsoft.Synapse/workspaces', parameters('workspaces_synapsemzrcqdh_name'))]"
            ],
            "properties": {
                "minResourcePercent": 0,
                "maxResourcePercent": 100,
                "minResourcePercentPerRequest": 0.8,
                "maxResourcePercentPerRequest": 0.8,
                "importance": "normal",
                "queryExecutionTimeout": 0
            }
        },
        {
            "type": "Microsoft.Synapse/workspaces/sqlPools/workloadGroups",
            "apiVersion": "2021-06-01",
            "name": "[concat(parameters('workspaces_synapsemzrcqdh_name'), '/sqlmzrcqdh/staticrc30')]",
            "dependsOn": [
                "[resourceId('Microsoft.Synapse/workspaces/sqlPools', parameters('workspaces_synapsemzrcqdh_name'), 'sqlmzrcqdh')]",
                "[resourceId('Microsoft.Synapse/workspaces', parameters('workspaces_synapsemzrcqdh_name'))]"
            ],
            "properties": {
                "minResourcePercent": 0,
                "maxResourcePercent": 100,
                "minResourcePercentPerRequest": 1.6,
                "maxResourcePercentPerRequest": 1.6,
                "importance": "normal",
                "queryExecutionTimeout": 0
            }
        },
        {
            "type": "Microsoft.Synapse/workspaces/sqlPools/workloadGroups",
            "apiVersion": "2021-06-01",
            "name": "[concat(parameters('workspaces_synapsemzrcqdh_name'), '/sqlmzrcqdh/staticrc40')]",
            "dependsOn": [
                "[resourceId('Microsoft.Synapse/workspaces/sqlPools', parameters('workspaces_synapsemzrcqdh_name'), 'sqlmzrcqdh')]",
                "[resourceId('Microsoft.Synapse/workspaces', parameters('workspaces_synapsemzrcqdh_name'))]"
            ],
            "properties": {
                "minResourcePercent": 0,
                "maxResourcePercent": 100,
                "minResourcePercentPerRequest": 3.2,
                "maxResourcePercentPerRequest": 3.2,
                "importance": "normal",
                "queryExecutionTimeout": 0
            }
        },
        {
            "type": "Microsoft.Synapse/workspaces/sqlPools/workloadGroups",
            "apiVersion": "2021-06-01",
            "name": "[concat(parameters('workspaces_synapsemzrcqdh_name'), '/sqlmzrcqdh/staticrc50')]",
            "dependsOn": [
                "[resourceId('Microsoft.Synapse/workspaces/sqlPools', parameters('workspaces_synapsemzrcqdh_name'), 'sqlmzrcqdh')]",
                "[resourceId('Microsoft.Synapse/workspaces', parameters('workspaces_synapsemzrcqdh_name'))]"
            ],
            "properties": {
                "minResourcePercent": 0,
                "maxResourcePercent": 100,
                "minResourcePercentPerRequest": 6.4,
                "maxResourcePercentPerRequest": 6.4,
                "importance": "normal",
                "queryExecutionTimeout": 0
            }
        },
        {
            "type": "Microsoft.Synapse/workspaces/sqlPools/workloadGroups",
            "apiVersion": "2021-06-01",
            "name": "[concat(parameters('workspaces_synapsemzrcqdh_name'), '/sqlmzrcqdh/staticrc60')]",
            "dependsOn": [
                "[resourceId('Microsoft.Synapse/workspaces/sqlPools', parameters('workspaces_synapsemzrcqdh_name'), 'sqlmzrcqdh')]",
                "[resourceId('Microsoft.Synapse/workspaces', parameters('workspaces_synapsemzrcqdh_name'))]"
            ],
            "properties": {
                "minResourcePercent": 0,
                "maxResourcePercent": 100,
                "minResourcePercentPerRequest": 12.8,
                "maxResourcePercentPerRequest": 12.8,
                "importance": "normal",
                "queryExecutionTimeout": 0
            }
        },
        {
            "type": "Microsoft.Synapse/workspaces/sqlPools/workloadGroups",
            "apiVersion": "2021-06-01",
            "name": "[concat(parameters('workspaces_synapsemzrcqdh_name'), '/sqlmzrcqdh/staticrc70')]",
            "dependsOn": [
                "[resourceId('Microsoft.Synapse/workspaces/sqlPools', parameters('workspaces_synapsemzrcqdh_name'), 'sqlmzrcqdh')]",
                "[resourceId('Microsoft.Synapse/workspaces', parameters('workspaces_synapsemzrcqdh_name'))]"
            ],
            "properties": {
                "minResourcePercent": 0,
                "maxResourcePercent": 100,
                "minResourcePercentPerRequest": 25.6,
                "maxResourcePercentPerRequest": 25.6,
                "importance": "normal",
                "queryExecutionTimeout": 0
            }
        },
        {
            "type": "Microsoft.Synapse/workspaces/sqlPools/workloadGroups",
            "apiVersion": "2021-06-01",
            "name": "[concat(parameters('workspaces_synapsemzrcqdh_name'), '/sqlmzrcqdh/staticrc80')]",
            "dependsOn": [
                "[resourceId('Microsoft.Synapse/workspaces/sqlPools', parameters('workspaces_synapsemzrcqdh_name'), 'sqlmzrcqdh')]",
                "[resourceId('Microsoft.Synapse/workspaces', parameters('workspaces_synapsemzrcqdh_name'))]"
            ],
            "properties": {
                "minResourcePercent": 0,
                "maxResourcePercent": 100,
                "minResourcePercentPerRequest": 51.2,
                "maxResourcePercentPerRequest": 51.2,
                "importance": "normal",
                "queryExecutionTimeout": 0
            }
        },
        {
            "type": "Microsoft.Synapse/workspaces/sqlPools/workloadGroups",
            "apiVersion": "2021-06-01",
            "name": "[concat(parameters('workspaces_synapsemzrcqdh_name'), '/sqlmzrcqdh/xlargerc')]",
            "dependsOn": [
                "[resourceId('Microsoft.Synapse/workspaces/sqlPools', parameters('workspaces_synapsemzrcqdh_name'), 'sqlmzrcqdh')]",
                "[resourceId('Microsoft.Synapse/workspaces', parameters('workspaces_synapsemzrcqdh_name'))]"
            ],
            "properties": {
                "minResourcePercent": 0,
                "maxResourcePercent": 100,
                "minResourcePercentPerRequest": 70,
                "maxResourcePercentPerRequest": 70,
                "importance": "normal",
                "queryExecutionTimeout": 0
            }
        },
        {
            "type": "Microsoft.Synapse/workspaces/sqlPools/workloadGroups/workloadClassifiers",
            "apiVersion": "2021-06-01",
            "name": "[concat(parameters('workspaces_synapsemzrcqdh_name'), '/sqlmzrcqdh/largerc/largerc')]",
            "dependsOn": [
                "[resourceId('Microsoft.Synapse/workspaces/sqlPools/workloadGroups', parameters('workspaces_synapsemzrcqdh_name'), 'sqlmzrcqdh', 'largerc')]",
                "[resourceId('Microsoft.Synapse/workspaces/sqlPools', parameters('workspaces_synapsemzrcqdh_name'), 'sqlmzrcqdh')]",
                "[resourceId('Microsoft.Synapse/workspaces', parameters('workspaces_synapsemzrcqdh_name'))]"
            ],
            "properties": {
                "memberName": "largerc",
                "importance": "normal"
            }
        },
        {
            "type": "Microsoft.Synapse/workspaces/sqlPools/workloadGroups/workloadClassifiers",
            "apiVersion": "2021-06-01",
            "name": "[concat(parameters('workspaces_synapsemzrcqdh_name'), '/sqlmzrcqdh/mediumrc/mediumrc')]",
            "dependsOn": [
                "[resourceId('Microsoft.Synapse/workspaces/sqlPools/workloadGroups', parameters('workspaces_synapsemzrcqdh_name'), 'sqlmzrcqdh', 'mediumrc')]",
                "[resourceId('Microsoft.Synapse/workspaces/sqlPools', parameters('workspaces_synapsemzrcqdh_name'), 'sqlmzrcqdh')]",
                "[resourceId('Microsoft.Synapse/workspaces', parameters('workspaces_synapsemzrcqdh_name'))]"
            ],
            "properties": {
                "memberName": "mediumrc",
                "importance": "normal"
            }
        },
        {
            "type": "Microsoft.Synapse/workspaces/sqlPools/workloadGroups/workloadClassifiers",
            "apiVersion": "2021-06-01",
            "name": "[concat(parameters('workspaces_synapsemzrcqdh_name'), '/sqlmzrcqdh/smallrc/smallrc')]",
            "dependsOn": [
                "[resourceId('Microsoft.Synapse/workspaces/sqlPools/workloadGroups', parameters('workspaces_synapsemzrcqdh_name'), 'sqlmzrcqdh', 'smallrc')]",
                "[resourceId('Microsoft.Synapse/workspaces/sqlPools', parameters('workspaces_synapsemzrcqdh_name'), 'sqlmzrcqdh')]",
                "[resourceId('Microsoft.Synapse/workspaces', parameters('workspaces_synapsemzrcqdh_name'))]"
            ],
            "properties": {
                "memberName": "smallrc",
                "importance": "normal"
            }
        },
        {
            "type": "Microsoft.Synapse/workspaces/sqlPools/workloadGroups/workloadClassifiers",
            "apiVersion": "2021-06-01",
            "name": "[concat(parameters('workspaces_synapsemzrcqdh_name'), '/sqlmzrcqdh/staticrc10/staticrc10')]",
            "dependsOn": [
                "[resourceId('Microsoft.Synapse/workspaces/sqlPools/workloadGroups', parameters('workspaces_synapsemzrcqdh_name'), 'sqlmzrcqdh', 'staticrc10')]",
                "[resourceId('Microsoft.Synapse/workspaces/sqlPools', parameters('workspaces_synapsemzrcqdh_name'), 'sqlmzrcqdh')]",
                "[resourceId('Microsoft.Synapse/workspaces', parameters('workspaces_synapsemzrcqdh_name'))]"
            ],
            "properties": {
                "memberName": "staticrc10",
                "importance": "normal"
            }
        },
        {
            "type": "Microsoft.Synapse/workspaces/sqlPools/workloadGroups/workloadClassifiers",
            "apiVersion": "2021-06-01",
            "name": "[concat(parameters('workspaces_synapsemzrcqdh_name'), '/sqlmzrcqdh/staticrc20/staticrc20')]",
            "dependsOn": [
                "[resourceId('Microsoft.Synapse/workspaces/sqlPools/workloadGroups', parameters('workspaces_synapsemzrcqdh_name'), 'sqlmzrcqdh', 'staticrc20')]",
                "[resourceId('Microsoft.Synapse/workspaces/sqlPools', parameters('workspaces_synapsemzrcqdh_name'), 'sqlmzrcqdh')]",
                "[resourceId('Microsoft.Synapse/workspaces', parameters('workspaces_synapsemzrcqdh_name'))]"
            ],
            "properties": {
                "memberName": "staticrc20",
                "importance": "normal"
            }
        },
        {
            "type": "Microsoft.Synapse/workspaces/sqlPools/workloadGroups/workloadClassifiers",
            "apiVersion": "2021-06-01",
            "name": "[concat(parameters('workspaces_synapsemzrcqdh_name'), '/sqlmzrcqdh/staticrc30/staticrc30')]",
            "dependsOn": [
                "[resourceId('Microsoft.Synapse/workspaces/sqlPools/workloadGroups', parameters('workspaces_synapsemzrcqdh_name'), 'sqlmzrcqdh', 'staticrc30')]",
                "[resourceId('Microsoft.Synapse/workspaces/sqlPools', parameters('workspaces_synapsemzrcqdh_name'), 'sqlmzrcqdh')]",
                "[resourceId('Microsoft.Synapse/workspaces', parameters('workspaces_synapsemzrcqdh_name'))]"
            ],
            "properties": {
                "memberName": "staticrc30",
                "importance": "normal"
            }
        },
        {
            "type": "Microsoft.Synapse/workspaces/sqlPools/workloadGroups/workloadClassifiers",
            "apiVersion": "2021-06-01",
            "name": "[concat(parameters('workspaces_synapsemzrcqdh_name'), '/sqlmzrcqdh/staticrc40/staticrc40')]",
            "dependsOn": [
                "[resourceId('Microsoft.Synapse/workspaces/sqlPools/workloadGroups', parameters('workspaces_synapsemzrcqdh_name'), 'sqlmzrcqdh', 'staticrc40')]",
                "[resourceId('Microsoft.Synapse/workspaces/sqlPools', parameters('workspaces_synapsemzrcqdh_name'), 'sqlmzrcqdh')]",
                "[resourceId('Microsoft.Synapse/workspaces', parameters('workspaces_synapsemzrcqdh_name'))]"
            ],
            "properties": {
                "memberName": "staticrc40",
                "importance": "normal"
            }
        },
        {
            "type": "Microsoft.Synapse/workspaces/sqlPools/workloadGroups/workloadClassifiers",
            "apiVersion": "2021-06-01",
            "name": "[concat(parameters('workspaces_synapsemzrcqdh_name'), '/sqlmzrcqdh/staticrc50/staticrc50')]",
            "dependsOn": [
                "[resourceId('Microsoft.Synapse/workspaces/sqlPools/workloadGroups', parameters('workspaces_synapsemzrcqdh_name'), 'sqlmzrcqdh', 'staticrc50')]",
                "[resourceId('Microsoft.Synapse/workspaces/sqlPools', parameters('workspaces_synapsemzrcqdh_name'), 'sqlmzrcqdh')]",
                "[resourceId('Microsoft.Synapse/workspaces', parameters('workspaces_synapsemzrcqdh_name'))]"
            ],
            "properties": {
                "memberName": "staticrc50",
                "importance": "normal"
            }
        },
        {
            "type": "Microsoft.Synapse/workspaces/sqlPools/workloadGroups/workloadClassifiers",
            "apiVersion": "2021-06-01",
            "name": "[concat(parameters('workspaces_synapsemzrcqdh_name'), '/sqlmzrcqdh/staticrc60/staticrc60')]",
            "dependsOn": [
                "[resourceId('Microsoft.Synapse/workspaces/sqlPools/workloadGroups', parameters('workspaces_synapsemzrcqdh_name'), 'sqlmzrcqdh', 'staticrc60')]",
                "[resourceId('Microsoft.Synapse/workspaces/sqlPools', parameters('workspaces_synapsemzrcqdh_name'), 'sqlmzrcqdh')]",
                "[resourceId('Microsoft.Synapse/workspaces', parameters('workspaces_synapsemzrcqdh_name'))]"
            ],
            "properties": {
                "memberName": "staticrc60",
                "importance": "normal"
            }
        },
        {
            "type": "Microsoft.Synapse/workspaces/sqlPools/workloadGroups/workloadClassifiers",
            "apiVersion": "2021-06-01",
            "name": "[concat(parameters('workspaces_synapsemzrcqdh_name'), '/sqlmzrcqdh/staticrc70/staticrc70')]",
            "dependsOn": [
                "[resourceId('Microsoft.Synapse/workspaces/sqlPools/workloadGroups', parameters('workspaces_synapsemzrcqdh_name'), 'sqlmzrcqdh', 'staticrc70')]",
                "[resourceId('Microsoft.Synapse/workspaces/sqlPools', parameters('workspaces_synapsemzrcqdh_name'), 'sqlmzrcqdh')]",
                "[resourceId('Microsoft.Synapse/workspaces', parameters('workspaces_synapsemzrcqdh_name'))]"
            ],
            "properties": {
                "memberName": "staticrc70",
                "importance": "normal"
            }
        },
        {
            "type": "Microsoft.Synapse/workspaces/sqlPools/workloadGroups/workloadClassifiers",
            "apiVersion": "2021-06-01",
            "name": "[concat(parameters('workspaces_synapsemzrcqdh_name'), '/sqlmzrcqdh/staticrc80/staticrc80')]",
            "dependsOn": [
                "[resourceId('Microsoft.Synapse/workspaces/sqlPools/workloadGroups', parameters('workspaces_synapsemzrcqdh_name'), 'sqlmzrcqdh', 'staticrc80')]",
                "[resourceId('Microsoft.Synapse/workspaces/sqlPools', parameters('workspaces_synapsemzrcqdh_name'), 'sqlmzrcqdh')]",
                "[resourceId('Microsoft.Synapse/workspaces', parameters('workspaces_synapsemzrcqdh_name'))]"
            ],
            "properties": {
                "memberName": "staticrc80",
                "importance": "normal"
            }
        },
        {
            "type": "Microsoft.Synapse/workspaces/sqlPools/workloadGroups/workloadClassifiers",
            "apiVersion": "2021-06-01",
            "name": "[concat(parameters('workspaces_synapsemzrcqdh_name'), '/sqlmzrcqdh/xlargerc/xlargerc')]",
            "dependsOn": [
                "[resourceId('Microsoft.Synapse/workspaces/sqlPools/workloadGroups', parameters('workspaces_synapsemzrcqdh_name'), 'sqlmzrcqdh', 'xlargerc')]",
                "[resourceId('Microsoft.Synapse/workspaces/sqlPools', parameters('workspaces_synapsemzrcqdh_name'), 'sqlmzrcqdh')]",
                "[resourceId('Microsoft.Synapse/workspaces', parameters('workspaces_synapsemzrcqdh_name'))]"
            ],
            "properties": {
                "memberName": "xlargerc",
                "importance": "normal"
            }
        }
    ]
}