{
    "$schema": "https://schema.management.azure.com/schemas/2015-01-01/deploymentParameters.json#",
    "contentVersion": "1.0.0.0",
    "parameters": {
        "vulnerabilityAssessments_Default_storageContainerPath": {
            "value": null
        },
        "workspaces_synapseursxwmo_name": {
            "value": null
        },
        "storageAccounts_datalakeursxwmo_name": {
            "value": null
        },
        "databaseAccounts_cosmosursxwmo1_name": {
            "value": null
        }
    }
}